scheme,category,is_number,title,qco_order,mandatory_status,certifying_body
Scheme-I (ISI Mark),Cement and Building Materials,IS 12330,Sulphate Resisting Portland Cement,General Quality Control Order,MANDATORY_UNDER_QCO,Bureau of Indian Standards (BIS)
Scheme-I (ISI Mark),Cement and Building Materials,IS 12600,Low heat Portland Cement,"1. Cement (Quality Control)Order, 2003",MANDATORY_UNDER_QCO,Bureau of Indian Standards (BIS)
Scheme-I (ISI Mark),Cement and Building Materials,IS 1489 (Part 1),Portland Pozzolana Cement-Part1 Fly-ash based,"1. Cement (Quality Control)Order, 2003",MANDATORY_UNDER_QCO,Bureau of Indian Standards (BIS)
Scheme-I (ISI Mark),Cement and Building Materials,IS 1489 (Part 2),Portland Pozzolana Cement-Part 2 Calcined clay based,"1. Cement (Quality Control)Order, 2003",MANDATORY_UNDER_QCO,Bureau of Indian Standards (BIS)
Scheme-I (ISI Mark),Cement and Building Materials,IS 269,Ordinary Portland Cement,"1. Cement (Quality Control)Order, 2003",MANDATORY_UNDER_QCO,Bureau of Indian Standards (BIS)
Scheme-I (ISI Mark),Cement and Building Materials,IS 3466,Masonry Cement,"1. Cement (Quality Control)Order, 2003",MANDATORY_UNDER_QCO,Bureau of Indian Standards (BIS)
Scheme-I (ISI Mark),Cement and Building Materials,IS 455,Portland Slag Cement,"1. Cement (Quality Control)Order, 2003",MANDATORY_UNDER_QCO,Bureau of Indian Standards (BIS)
Scheme-I (ISI Mark),Cement and Building Materials,IS 6452,High Alumina Cement for Structural use,"1. Cement (Quality Control)Order, 2003",MANDATORY_UNDER_QCO,Bureau of Indian Standards (BIS)
Scheme-I (ISI Mark),Cement and Building Materials,IS 6909,Super sulphated cement,"1. Cement (Quality Control)Order, 2003",MANDATORY_UNDER_QCO,Bureau of Indian Standards (BIS)
Scheme-I (ISI Mark),Cement and Building Materials,IS 8041,Rapid hardening Portland cement,"1. Cement (Quality Control)Order, 2003",MANDATORY_UNDER_QCO,Bureau of Indian Standards (BIS)
Scheme-I (ISI Mark),Cement and Building Materials,IS 8042,White Portland Cement,"1. Cement (Quality Control)Order, 2003",MANDATORY_UNDER_QCO,Bureau of Indian Standards (BIS)
Scheme-I (ISI Mark),Cement and Building Materials,IS 8043,Hydrophobic Portland Cement,"1. Cement (Quality Control)Order, 2003",MANDATORY_UNDER_QCO,Bureau of Indian Standards (BIS)
Scheme-I (ISI Mark),Cement and Building Materials,IS 8229,Oil well Cement,"1. Cement (Quality Control)Order, 2003",MANDATORY_UNDER_QCO,Bureau of Indian Standards (BIS)
Scheme-I (ISI Mark),Cement and Building Materials,IS 16415: 2015,Composite Cement- Specification.,"1. Cement (Quality Control)Order, 2003",MANDATORY_UNDER_QCO,Bureau of Indian Standards (BIS)
Scheme-I (ISI Mark),Cement and Building Materials,IS 16993: 2018,Microfine Ordinary Portland Cement- Specification.,"1. Cement (Quality Control)Order, 2003",MANDATORY_UNDER_QCO,Bureau of Indian Standards (BIS)
Scheme-I (ISI Mark),Cement and Building Materials,IS 15895: 2018,High Alumina Refractory Cement.,"1. Cement (Quality Control)Order, 2003",MANDATORY_UNDER_QCO,Bureau of Indian Standards (BIS)
Scheme-I (ISI Mark),Cement and Building Materials,IS 12640 (Part 1),Residual current operated circuit breakers for house hold and,"1. Cement (Quality Control)Order, 2003",MANDATORY_UNDER_QCO,Bureau of Indian Standards (BIS)
Scheme-I (ISI Mark),"Electrical Wires, Cables & Appliances",IS 12640 (Part 2),Residual current operated circuit breakers for household and,"2. Electrical Wires, Cables, Appliances and Protection Devices and Accessories (Quality Control) Order, 2003",MANDATORY_UNDER_QCO,Bureau of Indian Standards (BIS)
Scheme-I (ISI Mark),"Electrical Wires, Cables & Appliances",IS 13010,"AC watt-hour meters, class 0.5, 1 & 2","2. Electrical Wires, Cables, Appliances and Protection Devices and Accessories (Quality Control) Order, 2003",MANDATORY_UNDER_QCO,Bureau of Indian Standards (BIS)
Scheme-I (ISI Mark),"Electrical Wires, Cables & Appliances",IS 13779,"AC static watt-hour meters, class 1 & 2","2. Electrical Wires, Cables, Appliances and Protection Devices and Accessories (Quality Control) Order, 2003",MANDATORY_UNDER_QCO,Bureau of Indian Standards (BIS)
Scheme-I (ISI Mark),"Electrical Wires, Cables & Appliances",IS 14697,"AC static transformer operated watt-hour and VAR-hour meters,","2. Electrical Wires, Cables, Appliances and Protection Devices and Accessories (Quality Control) Order, 2003",MANDATORY_UNDER_QCO,Bureau of Indian Standards (BIS)
Scheme-I (ISI Mark),"Electrical Wires, Cables & Appliances",IS 15111 (Part 1 & 2),Self Ballasted Lamps for General Lighting Services – Part 1 :,"2. Electrical Wires, Cables, Appliances and Protection Devices and Accessories (Quality Control) Order, 2003",MANDATORY_UNDER_QCO,Bureau of Indian Standards (BIS)
Scheme-I (ISI Mark),"Electrical Wires, Cables & Appliances",IS 302 (Part 2/Sec 3),Safety of household and similar electrical appliances – Electric iron,"2. Electrical Wires, Cables, Appliances and Protection Devices and Accessories (Quality Control) Order, 2003",MANDATORY_UNDER_QCO,Bureau of Indian Standards (BIS)
Scheme-I (ISI Mark),"Electrical Wires, Cables & Appliances",IS 302 (Part 2/Sec 201),Safety of household and similar electrical appliances– Electric immersion water-heaters,"2. Electrical Wires, Cables, Appliances and Protection Devices and Accessories (Quality Control) Order, 2003",MANDATORY_UNDER_QCO,Bureau of Indian Standards (BIS)
Scheme-I (ISI Mark),"Electrical Wires, Cables & Appliances",IS 302 (Part 2/Sec 202),Safety of household and similar electrical appliances –Electric stoves,"2. Electrical Wires, Cables, Appliances and Protection Devices and Accessories (Quality Control) Order, 2003",MANDATORY_UNDER_QCO,Bureau of Indian Standards (BIS)
Scheme-I (ISI Mark),"Electrical Wires, Cables & Appliances",IS 302 (Part 2/Sec 30),Safety of household and similar electrical appliances-Room heaters,"2. Electrical Wires, Cables, Appliances and Protection Devices and Accessories (Quality Control) Order, 2003",MANDATORY_UNDER_QCO,Bureau of Indian Standards (BIS)
Scheme-I (ISI Mark),"Electrical Wires, Cables & Appliances",IS 3854,Switches for domestic and similar purposes,"2. Electrical Wires, Cables, Appliances and Protection Devices and Accessories (Quality Control) Order, 2003",MANDATORY_UNDER_QCO,Bureau of Indian Standards (BIS)
Scheme-I (ISI Mark),"Electrical Wires, Cables & Appliances",IS 418,Tungsten filament general service electric lamps (upto100 W ),"2. Electrical Wires, Cables, Appliances and Protection Devices and Accessories (Quality Control) Order, 2003",MANDATORY_UNDER_QCO,Bureau of Indian Standards (BIS)
Scheme-I (ISI Mark),"Electrical Wires, Cables & Appliances",IS 694,PVC insulated cables for working voltages up to and including 1100V,"2. Electrical Wires, Cables, Appliances and Protection Devices and Accessories (Quality Control) Order, 2003",MANDATORY_UNDER_QCO,Bureau of Indian Standards (BIS)
Scheme-I (ISI Mark),"Electrical Wires, Cables & Appliances",IS 8828 *,Electrical Accessories-Circuit breakers for overcurrent protection for household and similar installations,"2. Electrical Wires, Cables, Appliances and Protection Devices and Accessories (Quality Control) Order, 2003",MANDATORY_UNDER_QCO,Bureau of Indian Standards (BIS)
Scheme-I (ISI Mark),"Electrical Wires, Cables & Appliances",IS 9968 (Part 1),Elastomer insulated cables (Part.1): For working voltages up to and including1100 V,"2. Electrical Wires, Cables, Appliances and Protection Devices and Accessories (Quality Control) Order, 2003",MANDATORY_UNDER_QCO,Bureau of Indian Standards (BIS)
Scheme-I (ISI Mark),Batteries,IS 8144,Multi-Purpose dry batteries,"2. Electrical Wires, Cables, Appliances and Protection Devices and Accessories (Quality Control) Order, 2003",MANDATORY_UNDER_QCO,Bureau of Indian Standards (BIS)
Scheme-I (ISI Mark),Food & Agriculture,IS 15757,Follow–up formula –complimentary foods    De-notified from compulsory BIS certification,"2. Electrical Wires, Cables, Appliances and Protection Devices and Accessories (Quality Control) Order, 2003",MANDATORY_UNDER_QCO,Bureau of Indian Standards (BIS)
Scheme-I (ISI Mark),Food & Agriculture,IS 11536,Processed cereal based complementary foods    De-notified from compulsory BIS certification,"2. Electrical Wires, Cables, Appliances and Protection Devices and Accessories (Quality Control) Order, 2003",MANDATORY_UNDER_QCO,Bureau of Indian Standards (BIS)
Scheme-I (ISI Mark),Food & Agriculture,IS 1165,Milk-powder    De-notified from compulsory BIS certification,"2. Electrical Wires, Cables, Appliances and Protection Devices and Accessories (Quality Control) Order, 2003",MANDATORY_UNDER_QCO,Bureau of Indian Standards (BIS)
Scheme-I (ISI Mark),Food & Agriculture,IS 1166,"Condensed milk, partly skimmed and skimmed condensed milk   De-notified from compulsory BIS certification","2. Electrical Wires, Cables, Appliances and Protection Devices and Accessories (Quality Control) Order, 2003",MANDATORY_UNDER_QCO,Bureau of Indian Standards (BIS)
Scheme-I (ISI Mark),Food & Agriculture,IS 12176,Sweetened ultra high temperature treated condensed milk   De-notified from compulsory BIS certification,"2. Electrical Wires, Cables, Appliances and Protection Devices and Accessories (Quality Control) Order, 2003",MANDATORY_UNDER_QCO,Bureau of Indian Standards (BIS)
Scheme-I (ISI Mark),Food & Agriculture,IS 13334 (Part 1),"Skimmed milk-powder, standard grade    De-notified from compulsory BIS certification","2. Electrical Wires, Cables, Appliances and Protection Devices and Accessories (Quality Control) Order, 2003",MANDATORY_UNDER_QCO,Bureau of Indian Standards (BIS)
Scheme-I (ISI Mark),Food & Agriculture,IS 13334 (Part 2),"Skimmed milk-powder, extra grade    De-notified from compulsory BIS certification","2. Electrical Wires, Cables, Appliances and Protection Devices and Accessories (Quality Control) Order, 2003",MANDATORY_UNDER_QCO,Bureau of Indian Standards (BIS)
Scheme-I (ISI Mark),Food & Agriculture,IS 13428,Packaged Natural Mineral Water    De-notified from compulsory BIS certification,"2. Electrical Wires, Cables, Appliances and Protection Devices and Accessories (Quality Control) Order, 2003",MANDATORY_UNDER_QCO,Bureau of Indian Standards (BIS)
Scheme-I (ISI Mark),Food & Agriculture,IS 14433,Infant milk substitutes    De-notified from compulsory BIS certification,"2. Electrical Wires, Cables, Appliances and Protection Devices and Accessories (Quality Control) Order, 2003",MANDATORY_UNDER_QCO,Bureau of Indian Standards (BIS)
Scheme-I (ISI Mark),Food & Agriculture,IS 17945: 2022,Food for Special Medical Purpose intended for Infants   De-notified from compulsory BIS certification,"2. Electrical Wires, Cables, Appliances and Protection Devices and Accessories (Quality Control) Order, 2003",MANDATORY_UNDER_QCO,Bureau of Indian Standards (BIS)
Scheme-I (ISI Mark),Food & Agriculture,IS 14542,Partly skimmed milk powder    De-notified from compulsory BIS certification,"2. Electrical Wires, Cables, Appliances and Protection Devices and Accessories (Quality Control) Order, 2003",MANDATORY_UNDER_QCO,Bureau of Indian Standards (BIS)
Scheme-I (ISI Mark),Food & Agriculture,IS 14543,Packaged Drinking Water (Other than Packaged Natural Mineral Water)    De-notified from compulsory BIS certification,"2. Electrical Wires, Cables, Appliances and Protection Devices and Accessories (Quality Control) Order, 2003",MANDATORY_UNDER_QCO,Bureau of Indian Standards (BIS)
Scheme-I (ISI Mark),Food & Agriculture,IS 1656,Milk- cereal Based Complementary foods    De-notified from compulsory BIS certification,"2. Electrical Wires, Cables, Appliances and Protection Devices and Accessories (Quality Control) Order, 2003",MANDATORY_UNDER_QCO,Bureau of Indian Standards (BIS)
Scheme-I (ISI Mark),Food & Agriculture,IS 14625,Plastic Feeding Bottles,"2. Electrical Wires, Cables, Appliances and Protection Devices and Accessories (Quality Control) Order, 2003",MANDATORY_UNDER_QCO,Bureau of Indian Standards (BIS)
Scheme-I (ISI Mark),Food & Agriculture,IS 5168,Glass Feeding Bottles,"2. Electrical Wires, Cables, Appliances and Protection Devices and Accessories (Quality Control) Order, 2003",MANDATORY_UNDER_QCO,Bureau of Indian Standards (BIS)
Scheme-I (ISI Mark),Food & Agriculture,IS 10109,"Oil pressure stove, offset burner type","2. Electrical Wires, Cables, Appliances and Protection Devices and Accessories (Quality Control) Order, 2003",MANDATORY_UNDER_QCO,Bureau of Indian Standards (BIS)
Scheme-I (ISI Mark),Food & Agriculture,IS 2787,Multi-burner oil pressure stoves,"5. Oil Pressure Stoves (Q.C) Order, 1997",MANDATORY_UNDER_QCO,Bureau of Indian Standards (BIS)
Scheme-I (ISI Mark),Food & Agriculture,IS 1342,Oil pressure stoves,"5. Oil Pressure Stoves (Q.C) Order, 1997",MANDATORY_UNDER_QCO,Bureau of Indian Standards (BIS)
Scheme-I (ISI Mark),Food & Agriculture,IS 13098,Automotive vehicles –Tubes for pneumatic tyres,"5. Oil Pressure Stoves (Q.C) Order, 1997",MANDATORY_UNDER_QCO,Bureau of Indian Standards (BIS)
Scheme-I (ISI Mark),Food & Agriculture,IS 15627,Automotive vehicles– Pneumatic tyres for two and three-wheeled motor vehicles,"6. Pneumatic Tyres and Tubes for Automotive Vehicles (Quality Control) Order, 2009",MANDATORY_UNDER_QCO,Bureau of Indian Standards (BIS)
Scheme-I (ISI Mark),Food & Agriculture,IS 15633,Automotive vehicles-Pneumatic tyres for passenger car vehicles– Diagonal and radial ply,"6. Pneumatic Tyres and Tubes for Automotive Vehicles (Quality Control) Order, 2009",MANDATORY_UNDER_QCO,Bureau of Indian Standards (BIS)
Scheme-I (ISI Mark),Food & Agriculture,IS 15636,Automotive vehicles- Pneumatic tyres for commercial vehicles-Diagonal and radial ply,"6. Pneumatic Tyres and Tubes for Automotive Vehicles (Quality Control) Order, 2009",MANDATORY_UNDER_QCO,Bureau of Indian Standards (BIS)
Scheme-I (ISI Mark),Food & Agriculture,IS 14899,Liquefied petroleum gas containers for automotive use,"6. Pneumatic Tyres and Tubes for Automotive Vehicles (Quality Control) Order, 2009",MANDATORY_UNDER_QCO,Bureau of Indian Standards (BIS)
Scheme-I (ISI Mark),Food & Agriculture,IS 15100,Multifunction valve assembly for permanently fixed liquefied petroleum gas (LPG) containers for automotive use,"6. Pneumatic Tyres and Tubes for Automotive Vehicles (Quality Control) Order, 2009",MANDATORY_UNDER_QCO,Bureau of Indian Standards (BIS)
Scheme-I (ISI Mark),Food & Agriculture,IS 3196 (Part 4),Welded low carbon steel cylinders exceeding 5 litre Water capacity for low pressure liquefiable gases Part 4 Cylinders for toxic and corrosive gases,"6. Pneumatic Tyres and Tubes for Automotive Vehicles (Quality Control) Order, 2009",MANDATORY_UNDER_QCO,Bureau of Indian Standards (BIS)
Scheme-I (ISI Mark),Food & Agriculture,IS 3196 (Part 1),Welded low carbon steel gas cylinder exceeding 5 litre water capacity for low pressure liquefiable gases Part1 Cylinders for liquefied petroleum gas (LPG),"6. Pneumatic Tyres and Tubes for Automotive Vehicles (Quality Control) Order, 2009",MANDATORY_UNDER_QCO,Bureau of Indian Standards (BIS)
Scheme-I (ISI Mark),Food & Agriculture,IS 3196 (Part 2),Welded low carbon steel gas cylinder exceeding 5-litre water capacity for low pressure liquefiable gases Part 2 Cylinders for liquefiable gases other than LPG.,"6. Pneumatic Tyres and Tubes for Automotive Vehicles (Quality Control) Order, 2009",MANDATORY_UNDER_QCO,Bureau of Indian Standards (BIS)
Scheme-I (ISI Mark),Food & Agriculture,IS 3224,Valve fittings for compressed gas cylinder excluding liquefied petroleum gas cylinders,"6. Pneumatic Tyres and Tubes for Automotive Vehicles (Quality Control) Order, 2009",MANDATORY_UNDER_QCO,Bureau of Indian Standards (BIS)
Scheme-I (ISI Mark),Food & Agriculture,IS 3745,Yoke Type Valve Connection for Small Medical Gas Cylinders,"6. Pneumatic Tyres and Tubes for Automotive Vehicles (Quality Control) Order, 2009",MANDATORY_UNDER_QCO,Bureau of Indian Standards (BIS)
Scheme-I (ISI Mark),Food & Agriculture,IS 7142,Welded low carbon steel cylinders for low pressure liquefiable gases not exceeding 5 litre water capacity,"6. Pneumatic Tyres and Tubes for Automotive Vehicles (Quality Control) Order, 2009",MANDATORY_UNDER_QCO,Bureau of Indian Standards (BIS)
Scheme-I (ISI Mark),Food & Agriculture,IS 7285 (Part 1),Refillable Seamless steel gas cylinders Part1 Normalized steel cylinders,"6. Pneumatic Tyres and Tubes for Automotive Vehicles (Quality Control) Order, 2009",MANDATORY_UNDER_QCO,Bureau of Indian Standards (BIS)
Scheme-I (ISI Mark),Food & Agriculture,IS 7285 (Part 2),Refillable Seamless steel gas cylinders Part 2 Quenched and tempered steel cylinders with tensile strength less than 1100 MPa (112 kgf/mm2),"6. Pneumatic Tyres and Tubes for Automotive Vehicles (Quality Control) Order, 2009",MANDATORY_UNDER_QCO,Bureau of Indian Standards (BIS)
Scheme-I (ISI Mark),Food & Agriculture,IS 7302,Valve fittings for gas cylinder valves for use with breathing apparatus,"6. Pneumatic Tyres and Tubes for Automotive Vehicles (Quality Control) Order, 2009",MANDATORY_UNDER_QCO,Bureau of Indian Standards (BIS)
Scheme-I (ISI Mark),Food & Agriculture,IS 7312,Welded and seamless steel dissolved acetylene gas cylinders,"6. Pneumatic Tyres and Tubes for Automotive Vehicles (Quality Control) Order, 2009",MANDATORY_UNDER_QCO,Bureau of Indian Standards (BIS)
Scheme-I (ISI Mark),Food & Agriculture,IS 8737,Valve fittings for use with liquefied petroleum gas cylinders of more than 5 litre water capacity Part 2 Valve fittings for newly manufactured LPG cylinders,"6. Pneumatic Tyres and Tubes for Automotive Vehicles (Quality Control) Order, 2009",MANDATORY_UNDER_QCO,Bureau of Indian Standards (BIS)
Scheme-I (ISI Mark),Food & Agriculture,IS 8776,Valve Fittings for Use with Liquefied Petroleum Gas (LPG) Cylinders up to and Including 5-Litre Water Capacity,"6. Pneumatic Tyres and Tubes for Automotive Vehicles (Quality Control) Order, 2009",MANDATORY_UNDER_QCO,Bureau of Indian Standards (BIS)
Scheme-I (ISI Mark),Food & Agriculture,IS 9798,Low pressure regulators for use with liquefied petroleum gas (LPG) mixtures,"6. Pneumatic Tyres and Tubes for Automotive Vehicles (Quality Control) Order, 2009",MANDATORY_UNDER_QCO,Bureau of Indian Standards (BIS)
Scheme-I (ISI Mark),Food & Agriculture,IS 3055 (Part 1),Clinical thermometers :Part1 Solid stem type,"6. Pneumatic Tyres and Tubes for Automotive Vehicles (Quality Control) Order, 2009",MANDATORY_UNDER_QCO,Bureau of Indian Standards (BIS)
Scheme-I (ISI Mark),Food & Agriculture,IS 3055 (Part 2),Clinical thermometers :Part 2 Enclosed scale type,"6. Pneumatic Tyres and Tubes for Automotive Vehicles (Quality Control) Order, 2009",MANDATORY_UNDER_QCO,Bureau of Indian Standards (BIS)
Scheme-I (ISI Mark),Food & Agriculture,IS 7620 (Part 1),Diagnostic Medical X-Ray Equipment,"6. Pneumatic Tyres and Tubes for Automotive Vehicles (Quality Control) Order, 2009",MANDATORY_UNDER_QCO,Bureau of Indian Standards (BIS)
Scheme-I (ISI Mark),Food & Agriculture,IS 1785 (Part 1) : 1983,Plain Hard-drawn Steel Wire For Pre-stressed Concrete: Part 1 Cold Drawn Stress-relieved Wire,"6. Pneumatic Tyres and Tubes for Automotive Vehicles (Quality Control) Order, 2009",MANDATORY_UNDER_QCO,Bureau of Indian Standards (BIS)
Scheme-I (ISI Mark),Steel & Metallurgy,IS 1785 (Part 2) : 1983,Plain hard-drawn steel wire for pre-stressed concrete Part 2: As drawn wire,"Steel & Steel Products (Quality Control) Amendment Order, 2026",MANDATORY_UNDER_QCO,Bureau of Indian Standards (BIS)
Scheme-I (ISI Mark),Steel & Metallurgy,IS 6003:2010,Indented wire for Pre-stressed concrete,"Steel & Steel Products (Quality Control) Amendment Order, 2026",MANDATORY_UNDER_QCO,Bureau of Indian Standards (BIS)
Scheme-I (ISI Mark),Steel & Metallurgy,IS 6006:2014,Uncoated stress relieved strand for Pre-stressed concrete.,"Steel & Steel Products (Quality Control) Amendment Order, 2026",MANDATORY_UNDER_QCO,Bureau of Indian Standards (BIS)
Scheme-I (ISI Mark),Steel & Metallurgy,IS 13620:1993,Fusion bonded epoxy coated reinforcing bars,"Steel & Steel Products (Quality Control) Amendment Order, 2026",MANDATORY_UNDER_QCO,Bureau of Indian Standards (BIS)
Scheme-I (ISI Mark),Steel & Metallurgy,IS 14268:1995,Uncoated Stress Relieved Low Relaxation Seven-ply Strand For Pre-stressed Concrete.,"Steel & Steel Products (Quality Control) Amendment Order, 2026",MANDATORY_UNDER_QCO,Bureau of Indian Standards (BIS)
Scheme-I (ISI Mark),Steel & Metallurgy,IS 277:2003,Galvanized steel sheets ( plain and corrugated).,"Steel & Steel Products (Quality Control) Amendment Order, 2026",MANDATORY_UNDER_QCO,Bureau of Indian Standards (BIS)
Scheme-I (ISI Mark),Steel & Metallurgy,IS 2002:2009,Steel plates for pressure vessels for intermediate and high temperature service including boilers.,"Steel & Steel Products (Quality Control) Amendment Order, 2026",MANDATORY_UNDER_QCO,Bureau of Indian Standards (BIS)
Scheme-I (ISI Mark),Steel & Metallurgy,IS 2041:2009,Steel plates for pressure vessels used at moderate and low temperature,"Steel & Steel Products (Quality Control) Amendment Order, 2026",MANDATORY_UNDER_QCO,Bureau of Indian Standards (BIS)
Scheme-I (ISI Mark),Steel & Metallurgy,IS 2830:2012,"Carbon steel cast billet ingots ,billets, blooms and slabs for rerolling into steel for general structural purpose","Steel & Steel Products (Quality Control) Amendment Order, 2026",MANDATORY_UNDER_QCO,Bureau of Indian Standards (BIS)
Scheme-I (ISI Mark),Steel & Metallurgy,IS 1786:2008,High strength deformed steel bars and wires for concrete reinforcement,"Steel & Steel Products (Quality Control) Amendment Order, 2026",MANDATORY_UNDER_QCO,Bureau of Indian Standards (BIS)
Scheme-I (ISI Mark),Steel & Metallurgy,IS 648:2006,Cold rolled non-oriented electrical steel sheets and strip-fully processed type (CRNO),"Steel & Steel Products (Quality Control) Amendment Order, 2026",MANDATORY_UNDER_QCO,Bureau of Indian Standards (BIS)
Scheme-I (ISI Mark),Steel & Metallurgy,IS 3024:2015,Grain oriented electrical steel sheet & strip (CRGO),"Steel & Steel Products (Quality Control) Amendment Order, 2026",MANDATORY_UNDER_QCO,Bureau of Indian Standards (BIS)
Scheme-I (ISI Mark),Steel & Metallurgy,IS 15391:2003,Oriented Electrical Steel Sheet and Strip- Semi-Processed Type- Specification.,"Steel & Steel Products (Quality Control) Amendment Order, 2026",MANDATORY_UNDER_QCO,Bureau of Indian Standards (BIS)
Scheme-I (ISI Mark),Steel & Metallurgy,IS 2062:2011,Hot rolled medium and high tensile structural steel,"Steel & Steel Products (Quality Control) Amendment Order, 2026",MANDATORY_UNDER_QCO,Bureau of Indian Standards (BIS)
Scheme-I (ISI Mark),Steel & Metallurgy,IS 432 : Part 1:1982,Mild Steel and Medium Tensile Steel Bars and Hard–Drawn Steel Wire for Concrete Reinforcement: Part 1 Mild steel and medium tensile steel bars,"Steel & Steel Products (Quality Control) Amendment Order, 2026",MANDATORY_UNDER_QCO,Bureau of Indian Standards (BIS)
Scheme-I (ISI Mark),Steel & Metallurgy,IS 432 : Part 2:1982,Mild steel and Medium Tensile steel bars and Hard–Drawn Steel Wire for Concrete Reinforcement: Part 2 Hard- Drawn Steel Wire,"Steel & Steel Products (Quality Control) Amendment Order, 2026",MANDATORY_UNDER_QCO,Bureau of Indian Standards (BIS)
Scheme-I (ISI Mark),Steel & Metallurgy,IS 513 (Part-1): 2016,Cold reduced carbon steel sheets and strips Part 1 Cold Forming and Drawing Purpose,"Steel & Steel Products (Quality Control) Amendment Order, 2026",MANDATORY_UNDER_QCO,Bureau of Indian Standards (BIS)
Scheme-I (ISI Mark),Steel & Metallurgy,IS 513(Part-2):2016,Cold reduced carbon steel sheets and strips Part 2 High Tensile and Multi-phase Steel,"Steel & Steel Products (Quality Control) Amendment Order, 2026",MANDATORY_UNDER_QCO,Bureau of Indian Standards (BIS)
Scheme-I (ISI Mark),Steel & Metallurgy,IS 1079: 2017,"Hot Rolled Carbon Steel Sheet, Plate and Strip — Specification.","Steel & Steel Products (Quality Control) Amendment Order, 2026",MANDATORY_UNDER_QCO,Bureau of Indian Standards (BIS)
Scheme-I (ISI Mark),Steel & Metallurgy,IS 1875:1992,"Carbon steel billets, blooms, slabs and bars for forgings.","Steel & Steel Products (Quality Control) Amendment Order, 2026",MANDATORY_UNDER_QCO,Bureau of Indian Standards (BIS)
Scheme-I (ISI Mark),Steel & Metallurgy,IS 2879:1998,Mild steel for metal arc welding electrodes.,"Steel & Steel Products (Quality Control) Amendment Order, 2026",MANDATORY_UNDER_QCO,Bureau of Indian Standards (BIS)
Scheme-I (ISI Mark),Steel & Metallurgy,IS 3502:2009,Steel Chequered Plates,"Steel & Steel Products (Quality Control) Amendment Order, 2026",MANDATORY_UNDER_QCO,Bureau of Indian Standards (BIS)
Scheme-I (ISI Mark),Steel & Metallurgy,IS 5872:1990,Cold Rolled Steel Strips (Box Strappings).,"Steel & Steel Products (Quality Control) Amendment Order, 2026",MANDATORY_UNDER_QCO,Bureau of Indian Standards (BIS)
Scheme-I (ISI Mark),Steel & Metallurgy,IS 5986: 2017,"Hot Rolled Steel Sheet, Plate and Strip for Forming and Flanging Purposes — Specification.","Steel & Steel Products (Quality Control) Amendment Order, 2026",MANDATORY_UNDER_QCO,Bureau of Indian Standards (BIS)
Scheme-I (ISI Mark),Steel & Metallurgy,IS 6240:2008,Hot Rolled Steel Plate (up to 6 mm) Sheet and Strip for the Manufacture of Low Pressure Liquefiable Gas Cylinders,"Steel & Steel Products (Quality Control) Amendment Order, 2026",MANDATORY_UNDER_QCO,Bureau of Indian Standards (BIS)
Scheme-I (ISI Mark),Steel & Metallurgy,IS 7283:1992,Hot Rolled bars for production of bright bars and machined parts for engineering applications.,"Steel & Steel Products (Quality Control) Amendment Order, 2026",MANDATORY_UNDER_QCO,Bureau of Indian Standards (BIS)
Scheme-I (ISI Mark),Steel & Metallurgy,IS 7887:1992,Mild steel wire rods for general engineering purposes.,"Steel & Steel Products (Quality Control) Amendment Order, 2026",MANDATORY_UNDER_QCO,Bureau of Indian Standards (BIS)
Scheme-I (ISI Mark),Steel & Metallurgy,IS 10748:2004,Hot Rolled Steel Strip for Welded Tubes and Pipes.,"Steel & Steel Products (Quality Control) Amendment Order, 2026",MANDATORY_UNDER_QCO,Bureau of Indian Standards (BIS)
Scheme-I (ISI Mark),Steel & Metallurgy,IS 11513:2017,Standard Specification,"Steel & Steel Products (Quality Control) Amendment Order, 2026",MANDATORY_UNDER_QCO,Bureau of Indian Standards (BIS)
Scheme-I (ISI Mark),Steel & Metallurgy,IS 15647:2006,Hot rolled steel narrow width strip for welded tubes and pipes,"Steel & Steel Products (Quality Control) Amendment Order, 2026",MANDATORY_UNDER_QCO,Bureau of Indian Standards (BIS)
Scheme-I (ISI Mark),Steel & Metallurgy,IS 7904:2017,High carbon steel wire rods- Specification,"Steel & Steel Products (Quality Control) Amendment Order, 2026",MANDATORY_UNDER_QCO,Bureau of Indian Standards (BIS)
Scheme-I (ISI Mark),Steel & Metallurgy,IS 14246:2013,Continuously pre-painted galvanized steel sheets and coils,"Steel & Steel Products (Quality Control) Amendment Order, 2026",MANDATORY_UNDER_QCO,Bureau of Indian Standards (BIS)
Scheme-I (ISI Mark),Steel & Metallurgy,IS 15965:2012,Pre-painted aluminium zinc alloy metallic coated steel strip and sheet (Plain).,"Steel & Steel Products (Quality Control) Amendment Order, 2026",MANDATORY_UNDER_QCO,Bureau of Indian Standards (BIS)
Scheme-I (ISI Mark),Steel & Metallurgy,IS 280: 2006,Mild steel wire for General Engineering purposes.,"Steel & Steel Products (Quality Control) Amendment Order, 2026",MANDATORY_UNDER_QCO,Bureau of Indian Standards (BIS)
Scheme-I (ISI Mark),Steel & Metallurgy,IS 1835:1976,Round Steel wire for ropes,"Steel & Steel Products (Quality Control) Amendment Order, 2026",MANDATORY_UNDER_QCO,Bureau of Indian Standards (BIS)
Scheme-I (ISI Mark),Steel & Metallurgy,IS 3975:1999,Low Carbon Galvanized steel wires formed wires and Tapes for armouring of Cables,"Steel & Steel Products (Quality Control) Amendment Order, 2026",MANDATORY_UNDER_QCO,Bureau of Indian Standards (BIS)
Scheme-I (ISI Mark),Steel & Metallurgy,IS 4368:1967,"Alloy Steel billets, blooms and slabs for forging for general engineering purposes.","Steel & Steel Products (Quality Control) Amendment Order, 2026",MANDATORY_UNDER_QCO,Bureau of Indian Standards (BIS)
Scheme-I (ISI Mark),Steel & Metallurgy,IS 4454 (Part 1) : 2001,Steel wire for mechanical springs Part-1 cold drawn unalloyed steel wire.,"Steel & Steel Products (Quality Control) Amendment Order, 2026",MANDATORY_UNDER_QCO,Bureau of Indian Standards (BIS)
Scheme-I (ISI Mark),Steel & Metallurgy,IS 4454 (Part 2): 2001,Steel wire for mechanical springs Part-2 oil hardened and tempered steel wire.,"Steel & Steel Products (Quality Control) Amendment Order, 2026",MANDATORY_UNDER_QCO,Bureau of Indian Standards (BIS)
Scheme-I (ISI Mark),Steel & Metallurgy,IS 4824:2006,Bead Wires for Tyres,"Steel & Steel Products (Quality Control) Amendment Order, 2026",MANDATORY_UNDER_QCO,Bureau of Indian Standards (BIS)
Scheme-I (ISI Mark),Steel & Metallurgy,IS 11169 (Part 1): 1984,Steels for Cold Heading/Cold extrusion application Part-1 Wrought carbon and low alloy steels,"Steel & Steel Products (Quality Control) Amendment Order, 2026",MANDATORY_UNDER_QCO,Bureau of Indian Standards (BIS)
Scheme-I (ISI Mark),Steel & Metallurgy,IS 11587:1986,Structural Weather resistant steel.,"Steel & Steel Products (Quality Control) Amendment Order, 2026",MANDATORY_UNDER_QCO,Bureau of Indian Standards (BIS)
Scheme-I (ISI Mark),Steel & Metallurgy,IS 15103: 2002,Fire resistant Steel- Specification,"Steel & Steel Products (Quality Control) Amendment Order, 2026",MANDATORY_UNDER_QCO,Bureau of Indian Standards (BIS)
Scheme-I (ISI Mark),Steel & Metallurgy,IS 15914:2011,"High Tensile Strength Flat Rolled Steel Plate (Up to 6 mm), Sheet and Strip for the Manufacture of Welded Gas Cylinder.","Steel & Steel Products (Quality Control) Amendment Order, 2026",MANDATORY_UNDER_QCO,Bureau of Indian Standards (BIS)
Scheme-I (ISI Mark),Steel & Metallurgy,IS 15961:2012,Hot Dip aluminium- Zinc alloy metallic coated steel strip and sheet (Plain),"Steel & Steel Products (Quality Control) Amendment Order, 2026",MANDATORY_UNDER_QCO,Bureau of Indian Standards (BIS)
Scheme-I (ISI Mark),Steel & Metallurgy,IS 15962:2012,Structural Steel for Building for Structures with improved seismic Resistance,"Steel & Steel Products (Quality Control) Amendment Order, 2026",MANDATORY_UNDER_QCO,Bureau of Indian Standards (BIS)
Scheme-I (ISI Mark),Steel & Metallurgy,IS 6527:1995,Stainless Steel wire Rod,"Steel & Steel Products (Quality Control) Amendment Order, 2026",MANDATORY_UNDER_QCO,Bureau of Indian Standards (BIS)
Scheme-I (ISI Mark),Steel & Metallurgy,IS 6528:1995,Stainless Steel Wires,"Steel & Steel Products (Quality Control) Amendment Order, 2026",MANDATORY_UNDER_QCO,Bureau of Indian Standards (BIS)
Scheme-I (ISI Mark),Steel & Metallurgy,IS 6603:2001,Stainless Steel Bars and Flats,"Steel & Steel Products (Quality Control) Amendment Order, 2026",MANDATORY_UNDER_QCO,Bureau of Indian Standards (BIS)
Scheme-I (ISI Mark),Steel & Metallurgy,IS 5522:2014,6Stainless Steel sheets and strips for utensils- Specification,"Steel & Steel Products (Quality Control) Amendment Order, 2026",MANDATORY_UNDER_QCO,Bureau of Indian Standards (BIS)
Scheme-I (ISI Mark),Steel & Metallurgy,IS 6911:2017,"Stainless Steel Plate, Sheet and Strip- Specification","Steel & Steel Products (Quality Control) Amendment Order, 2026",MANDATORY_UNDER_QCO,Bureau of Indian Standards (BIS)
Scheme-I (ISI Mark),Steel & Metallurgy,IS 15997:2012,Low Nickel Austenitic Stainless Steel Sheet and Strip For Utensils and Kitchen Applications- Specification,"Steel & Steel Products (Quality Control) Amendment Order, 2026",MANDATORY_UNDER_QCO,Bureau of Indian Standards (BIS)
Scheme-I (ISI Mark),Steel & Metallurgy,IS 1110 : 1990,Ferrosilicon – Specification,"Steel & Steel Products (Quality Control) Amendment Order, 2026",MANDATORY_UNDER_QCO,Bureau of Indian Standards (BIS)
Scheme-I (ISI Mark),Steel & Metallurgy,IS 4409 : 1973,Specification for Ferronickel,"Steel & Steel Products (Quality Control) Amendment Order, 2026",MANDATORY_UNDER_QCO,Bureau of Indian Standards (BIS)
Scheme-I (ISI Mark),Steel & Metallurgy,IS 1029 : 1970,Specification for Hot rolled steel strip (bailing),"Steel & Steel Products (Quality Control) Amendment Order, 2026",MANDATORY_UNDER_QCO,Bureau of Indian Standards (BIS)
Scheme-I (ISI Mark),Steel & Metallurgy,IS 2385 : 1977,Specification for Hot-rolled mild steel sheet and strip in coil form for cold-reduced tinplate and cold-reduced black plate,"Steel & Steel Products (Quality Control) Amendment Order, 2026",MANDATORY_UNDER_QCO,Bureau of Indian Standards (BIS)
Scheme-I (ISI Mark),Steel & Metallurgy,IS 3039 : 1988,Specification for Structural steel for construction of hulls of ships,"Steel & Steel Products (Quality Control) Amendment Order, 2026",MANDATORY_UNDER_QCO,Bureau of Indian Standards (BIS)
Scheme-I (ISI Mark),Steel & Metallurgy,IS 9550 2001,Bright steel bars – v Specification,"Steel & Steel Products (Quality Control) Amendment Order, 2026",MANDATORY_UNDER_QCO,Bureau of Indian Standards (BIS)
Scheme-I (ISI Mark),Steel & Metallurgy,IS 3748 : 1990,Tool and die steels – Specification,"Steel & Steel Products (Quality Control) Amendment Order, 2026",MANDATORY_UNDER_QCO,Bureau of Indian Standards (BIS)
Scheme-I (ISI Mark),Steel & Metallurgy,IS 5517 : 1993,Steel for hardening and tempering – Specification,"Steel & Steel Products (Quality Control) Amendment Order, 2026",MANDATORY_UNDER_QCO,Bureau of Indian Standards (BIS)
Scheme-I (ISI Mark),Steel & Metallurgy,IS 16732: 2019,Galvanized Structural Steel – Specification,"Steel & Steel Products (Quality Control) Amendment Order, 2026",MANDATORY_UNDER_QCO,Bureau of Indian Standards (BIS)
Scheme-I (ISI Mark),Steel & Metallurgy,IS 7494 : 1981,Specification for Steel for valves for internal combustion engines,"Steel & Steel Products (Quality Control) Amendment Order, 2026",MANDATORY_UNDER_QCO,Bureau of Indian Standards (BIS)
Scheme-I (ISI Mark),Steel & Metallurgy,IS 12146 : 1987,Specification for Carbon manganese steel forgings for pressure vessels,"Steel & Steel Products (Quality Control) Amendment Order, 2026",MANDATORY_UNDER_QCO,Bureau of Indian Standards (BIS)
Scheme-I (ISI Mark),Steel & Metallurgy,IS 16585 : 2016,Magnetic materials – specification for individual material – Fe based amorphous strip delivered in the semi-processed state.,"Steel & Steel Products (Quality Control) Amendment Order, 2026",MANDATORY_UNDER_QCO,Bureau of Indian Standards (BIS)
Scheme-I (ISI Mark),Steel & Metallurgy,IS 2831 : 2012,"Carbon steel cast billet ingots, billets, blooms and slabs for re-rolling into structural steel (ordinary quality) – Specification","Steel & Steel Products (Quality Control) Amendment Order, 2026",MANDATORY_UNDER_QCO,Bureau of Indian Standards (BIS)
Scheme-I (ISI Mark),Steel & Metallurgy,IS 1148: 2009,Steel Rivet Bars (medium And High Tensile) – For Structural Purposes,"Steel & Steel Products (Quality Control) Amendment Order, 2026",MANDATORY_UNDER_QCO,Bureau of Indian Standards (BIS)
Scheme-I (ISI Mark),Steel & Metallurgy,IS 1673: 1984,"Specification for Mild Steel Wire, Cold Heading Quality","Steel & Steel Products (Quality Control) Amendment Order, 2026",MANDATORY_UNDER_QCO,Bureau of Indian Standards (BIS)
Scheme-I (ISI Mark),Steel & Metallurgy,IS 1812: 1982,Specification for Carbon Steel Wire for the Manufacture of Wood Screws,"Steel & Steel Products (Quality Control) Amendment Order, 2026",MANDATORY_UNDER_QCO,Bureau of Indian Standards (BIS)
Scheme-I (ISI Mark),Steel & Metallurgy,IS 2507: 1975,Specification for Cold – rolled Steel Strips For Springs.,"Steel & Steel Products (Quality Control) Amendment Order, 2026",MANDATORY_UNDER_QCO,Bureau of Indian Standards (BIS)
Scheme-I (ISI Mark),Steel & Metallurgy,IS 2255: 1977,Specification for Mild Steel Wire Rod for the Manufacture of Machine Screws (By Cold Heading Process).,"Steel & Steel Products (Quality Control) Amendment Order, 2026",MANDATORY_UNDER_QCO,Bureau of Indian Standards (BIS)
Scheme-I (ISI Mark),Steel & Metallurgy,IS 3195: 1992,Steel For the Manufacture of Volute And Helical Springs (for Railway Rolling Stock) – Specification .,"Steel & Steel Products (Quality Control) Amendment Order, 2026",MANDATORY_UNDER_QCO,Bureau of Indian Standards (BIS)
Scheme-I (ISI Mark),Steel & Metallurgy,IS 3431: 1982,"Specification for Steel for the manufacture of volute, helical and laminated springs for automotive suspension.","Steel & Steel Products (Quality Control) Amendment Order, 2026",MANDATORY_UNDER_QCO,Bureau of Indian Standards (BIS)
Scheme-I (ISI Mark),Steel & Metallurgy,IS 3885-Part-1: 1992,Steel for the manufacture of laminated springs (railway rolling stock) Part 1 Flat Sections – Specification.,"Steel & Steel Products (Quality Control) Amendment Order, 2026",MANDATORY_UNDER_QCO,Bureau of Indian Standards (BIS)
Scheme-I (ISI Mark),Steel & Metallurgy,IS 3885-Part- 2: 1992,Steel for the manufacture of laminated springs (railway rolling stock) Part 2: Rib and Groove Sections- Specification.,"Steel & Steel Products (Quality Control) Amendment Order, 2026",MANDATORY_UNDER_QCO,Bureau of Indian Standards (BIS)
Scheme-I (ISI Mark),Steel & Metallurgy,IS 4223: 1975,Specification for Steel Wire for Umbrella Ribs .,"Steel & Steel Products (Quality Control) Amendment Order, 2026",MANDATORY_UNDER_QCO,Bureau of Indian Standards (BIS)
Scheme-I (ISI Mark),Steel & Metallurgy,IS 4224: 1972,"Specification for Steel Wire for Staples, Pins And Clips.","Steel & Steel Products (Quality Control) Amendment Order, 2026",MANDATORY_UNDER_QCO,Bureau of Indian Standards (BIS)
Scheme-I (ISI Mark),Steel & Metallurgy,IS 4397: 1999,Cold-rolled Carbon Steel Strips for Ball and Roller Bearing Cages/ Retainers- Specification.,"Steel & Steel Products (Quality Control) Amendment Order, 2026",MANDATORY_UNDER_QCO,Bureau of Indian Standards (BIS)
Scheme-I (ISI Mark),Steel & Metallurgy,IS 4398: 1994,"Carbon-chromium Steel for the Manufacture of Balls, Rollers and Bearing Races- Specification","Steel & Steel Products (Quality Control) Amendment Order, 2026",MANDATORY_UNDER_QCO,Bureau of Indian Standards (BIS)
Scheme-I (ISI Mark),Steel & Metallurgy,IS 6902: 1973,Specification for Steel Wire for spokes.,"Steel & Steel Products (Quality Control) Amendment Order, 2026",MANDATORY_UNDER_QCO,Bureau of Indian Standards (BIS)
Scheme-I (ISI Mark),Steel & Metallurgy,IS 6967: 1973,Specification for Steel For Electrically welded round Link Chains.,"Steel & Steel Products (Quality Control) Amendment Order, 2026",MANDATORY_UNDER_QCO,Bureau of Indian Standards (BIS)
Scheme-I (ISI Mark),Steel & Metallurgy,IS 7226: 1974,"Specification for Cold rolled medium, high carbon and low alloy steel strip for general engineering purposes.","Steel & Steel Products (Quality Control) Amendment Order, 2026",MANDATORY_UNDER_QCO,Bureau of Indian Standards (BIS)
Scheme-I (ISI Mark),Steel & Metallurgy,IS 7557: 1982,Specification for Steel Wire: (Up to 20 mm) for the manufacture of cold-forged rivets.,"Steel & Steel Products (Quality Control) Amendment Order, 2026",MANDATORY_UNDER_QCO,Bureau of Indian Standards (BIS)
Scheme-I (ISI Mark),Steel & Metallurgy,IS 8052: 2006,"Steel ingots, billets and blooms for the production of springs, rivets and screws for general engineering applications – Specification.","Steel & Steel Products (Quality Control) Amendment Order, 2026",MANDATORY_UNDER_QCO,Bureau of Indian Standards (BIS)
Scheme-I (ISI Mark),Steel & Metallurgy,IS 8951: 2001,"Steel Cast Billet Ingots, Billets and Blooms for production of High Carbon Steel Wire Rods- Specification","Steel & Steel Products (Quality Control) Amendment Order, 2026",MANDATORY_UNDER_QCO,Bureau of Indian Standards (BIS)
Scheme-I (ISI Mark),Steel & Metallurgy,IS 8952: 1995,"Steel ingots, blooms and billets for production of mild steel wire rods for general engineering purposes – Specification","Steel & Steel Products (Quality Control) Amendment Order, 2026",MANDATORY_UNDER_QCO,Bureau of Indian Standards (BIS)
Scheme-I (ISI Mark),Steel & Metallurgy,IS 9476: 1980,Specification for Cold rolled steel strips for carbon steel razor blades.,"Steel & Steel Products (Quality Control) Amendment Order, 2026",MANDATORY_UNDER_QCO,Bureau of Indian Standards (BIS)
Scheme-I (ISI Mark),Steel & Metallurgy,IS 9962: 1981,Specification for Steel Wire for Needles.,"Steel & Steel Products (Quality Control) Amendment Order, 2026",MANDATORY_UNDER_QCO,Bureau of Indian Standards (BIS)
Scheme-I (ISI Mark),Steel & Metallurgy,IS 17111: 2019 (ISO 683- 17: 2014),Heat-Treated Steels Alloy and Free-Cutting Steels — Ball and Roller Bearing Steels.,"Steel & Steel Products (Quality Control) Amendment Order, 2026",MANDATORY_UNDER_QCO,Bureau of Indian Standards (BIS)
Scheme-I (ISI Mark),Steel & Metallurgy,IS 14331:1995,Steels for High Temperature Bolting Applications – Specification,"Steel & Steel Products (Quality Control) Amendment Order, 2026",MANDATORY_UNDER_QCO,Bureau of Indian Standards (BIS)
Scheme-I (ISI Mark),Steel & Metallurgy,IS 12594: 1988,Hot-dip Zinc Coating on Structural Steel Bars for Concrete Reinforcement – Specification,"Steel & Steel Products (Quality Control) Amendment Order, 2026",MANDATORY_UNDER_QCO,Bureau of Indian Standards (BIS)
Scheme-I (ISI Mark),Steel & Metallurgy,IS 14650:1999,"Carbon Steel Cast Billet Ingots, Billets, Blooms and Slabs for Rerolling purposes- Specification","Steel & Steel Products (Quality Control) Amendment Order, 2026",MANDATORY_UNDER_QCO,Bureau of Indian Standards (BIS)
Scheme-I (ISI Mark),Steel & Metallurgy,IS 4882: 1979,Specification for Low Carbon Steel Wire for Rivets for use in Bearing Industry,"Steel & Steel Products (Quality Control) Amendment Order, 2026",MANDATORY_UNDER_QCO,Bureau of Indian Standards (BIS)
Scheme-I (ISI Mark),Steel & Metallurgy,IS 2090:1983,Specification for High Tensile Steel Bars used in Pre-stressed Concrete,"Steel & Steel Products (Quality Control) Amendment Order, 2026",MANDATORY_UNDER_QCO,Bureau of Indian Standards (BIS)
Scheme-I (ISI Mark),Steel & Metallurgy,IS 6529:1996,Stainless Steel Blooms Billets And Slabs For Forging,"Steel & Steel Products (Quality Control) Amendment Order, 2026",MANDATORY_UNDER_QCO,Bureau of Indian Standards (BIS)
Scheme-I (ISI Mark),Steel & Metallurgy,IS 9294:1979,Cold-Rolled Stainless Steel Strips for Razor Blades,"Steel & Steel Products (Quality Control) Amendment Order, 2026",MANDATORY_UNDER_QCO,Bureau of Indian Standards (BIS)
Scheme-I (ISI Mark),Steel & Metallurgy,IS 10631:1983,Stainless Steel for welding electrode core wire,"Steel & Steel Products (Quality Control) Amendment Order, 2026",MANDATORY_UNDER_QCO,Bureau of Indian Standards (BIS)
Scheme-I (ISI Mark),Steel & Metallurgy,IS 10632 (Part 2):1983,Specification for Non Magnetic stainless steel for electrical applications Part 2 Specific requirements for binding wire.,"Steel & Steel Products (Quality Control) Amendment Order, 2026",MANDATORY_UNDER_QCO,Bureau of Indian Standards (BIS)
Scheme-I (ISI Mark),Steel & Metallurgy,IS 10632 (Part 3):1983,"Specification for Non Magnetic stainless steel for electrical applications Part 3 Specific requirements for sheets, strips and plates.","Steel & Steel Products (Quality Control) Amendment Order, 2026",MANDATORY_UNDER_QCO,Bureau of Indian Standards (BIS)
Scheme-I (ISI Mark),Steel & Metallurgy,IS 11169 (Part 2): 1989,Steels for cold heading/cold extrusion applications – specification Part 2 Stainless steel,"Steel & Steel Products (Quality Control) Amendment Order, 2026",MANDATORY_UNDER_QCO,Bureau of Indian Standards (BIS)
Scheme-I (ISI Mark),Steel & Metallurgy,IS 5651:1987,Steels for Pneumatic Tools,"Steel & Steel Products (Quality Control) Amendment Order, 2026",MANDATORY_UNDER_QCO,Bureau of Indian Standards (BIS)
Scheme-I (ISI Mark),Steel & Metallurgy,IS 9516:1980,Heat Resisting Steels,"Steel & Steel Products (Quality Control) Amendment Order, 2026",MANDATORY_UNDER_QCO,Bureau of Indian Standards (BIS)
Scheme-I (ISI Mark),Steel & Metallurgy,IS 11952:1986,Steels For Piston Pins (Gudgeon Pins),"Steel & Steel Products (Quality Control) Amendment Order, 2026",MANDATORY_UNDER_QCO,Bureau of Indian Standards (BIS)
Scheme-I (ISI Mark),Steel & Metallurgy,IS 12045:1987,Alloys Used in Electrical Resistance Metallic Heating Elements,"Steel & Steel Products (Quality Control) Amendment Order, 2026",MANDATORY_UNDER_QCO,Bureau of Indian Standards (BIS)
Scheme-I (ISI Mark),Steel & Metallurgy,IS 14652:1999,18 Percent Nickel Maraging Steel Bars and Rods,"Steel & Steel Products (Quality Control) Amendment Order, 2026",MANDATORY_UNDER_QCO,Bureau of Indian Standards (BIS)
Scheme-I (ISI Mark),Steel & Metallurgy,IS 1566:1982,Specification for Hard-drawn Steel Wire Fabric For Concrete Reinforcement,"Steel & Steel Products (Quality Control) Amendment Order, 2026",MANDATORY_UNDER_QCO,Bureau of Indian Standards (BIS)
Scheme-I (ISI Mark),Steel & Metallurgy,IS 1170: 1992,Ferrochromium – Specification,"Steel & Steel Products (Quality Control) Amendment Order, 2026",MANDATORY_UNDER_QCO,Bureau of Indian Standards (BIS)
Scheme-I (ISI Mark),Steel & Metallurgy,IS 11946:1987,Soft Magnetic Iron Strips,"Steel & Steel Products (Quality Control) Amendment Order, 2026",MANDATORY_UNDER_QCO,Bureau of Indian Standards (BIS)
Scheme-I (ISI Mark),Steel & Metallurgy,IS 11947:1987,"Soft Magnetic Iron Rods, Bars Flats and Sections","Steel & Steel Products (Quality Control) Amendment Order, 2026",MANDATORY_UNDER_QCO,Bureau of Indian Standards (BIS)
Scheme-I (ISI Mark),Steel & Metallurgy,IS 963: 1958,Chrome molybdenum steel bars and rods for aircraft purposes,"Steel & Steel Products (Quality Control) Amendment Order, 2026",MANDATORY_UNDER_QCO,Bureau of Indian Standards (BIS)
Scheme-I (ISI Mark),Steel & Metallurgy,IS 4454 (Part 4): 2001,Steel Wires for Mechanical Springs- Part 4: Stainless Steel Wire,"Steel & Steel Products (Quality Control) Amendment Order, 2026",MANDATORY_UNDER_QCO,Bureau of Indian Standards (BIS)
Scheme-I (ISI Mark),Steel & Metallurgy,IS 1993 : 2018,Cold-reduced Electrolytic Tin Plate,"Steel & Steel Products (Quality Control) Amendment Order, 2026",MANDATORY_UNDER_QCO,Bureau of Indian Standards (BIS)
Scheme-I (ISI Mark),Steel & Metallurgy,IS 12591:2018,Cold-reduced Electrolytic Chromium/Chromium oxide – coated steel,"Steel & Steel Products (Quality Control) Amendment Order, 2026",MANDATORY_UNDER_QCO,Bureau of Indian Standards (BIS)
Scheme-I (ISI Mark),Steel & Metallurgy,IS 412:1975,Expanded Metal Steel Sheets For General Purposes,"Steel & Steel Products (Quality Control) Amendment Order, 2026",MANDATORY_UNDER_QCO,Bureau of Indian Standards (BIS)
Scheme-I (ISI Mark),Steel & Metallurgy,IS 2100: 1970,"Steel Billets,Bars And Sections For Boilers","Steel & Steel Products (Quality Control) Amendment Order, 2026",MANDATORY_UNDER_QCO,Bureau of Indian Standards (BIS)
Scheme-I (ISI Mark),Steel & Metallurgy,IS 2589: 1975,Hard Drawn Steel Wire For Upholstery Springs,"Steel & Steel Products (Quality Control) Amendment Order, 2026",MANDATORY_UNDER_QCO,Bureau of Indian Standards (BIS)
Scheme-I (ISI Mark),Steel & Metallurgy,IS 3298: 1981,Mild Steel Rivet Bars For Ship Building,"Steel & Steel Products (Quality Control) Amendment Order, 2026",MANDATORY_UNDER_QCO,Bureau of Indian Standards (BIS)
Scheme-I (ISI Mark),Steel & Metallurgy,IS 4072: 1975,Steel For Spring Washers,"Steel & Steel Products (Quality Control) Amendment Order, 2026",MANDATORY_UNDER_QCO,Bureau of Indian Standards (BIS)
Scheme-I (ISI Mark),Steel & Metallurgy,IS 8510 (Part II): 1977,Steel Wire For Banding Of Armatures And Rotors Part II Specific Requirements for magnetic banding wires,"Steel & Steel Products (Quality Control) Amendment Order, 2026",MANDATORY_UNDER_QCO,Bureau of Indian Standards (BIS)
Scheme-I (ISI Mark),Steel & Metallurgy,IS 8510 (PartIII): 1977,Tinned Steel Wire For Banding Of Armatures And Rotors Part III Specific Requirements for non-magnetic banding wires,"Steel & Steel Products (Quality Control) Amendment Order, 2026",MANDATORY_UNDER_QCO,Bureau of Indian Standards (BIS)
Scheme-I (ISI Mark),Steel & Metallurgy,IS 8563: 1977,Half Round Mild Steel Wire For The Manufacture of Split Pins,"Steel & Steel Products (Quality Control) Amendment Order, 2026",MANDATORY_UNDER_QCO,Bureau of Indian Standards (BIS)
Scheme-I (ISI Mark),Steel & Metallurgy,IS 8564: 1977,Steel Wire For Nipples For Spokes,"Steel & Steel Products (Quality Control) Amendment Order, 2026",MANDATORY_UNDER_QCO,Bureau of Indian Standards (BIS)
Scheme-I (ISI Mark),Steel & Metallurgy,IS 8565: 1977,Heald Wire,"Steel & Steel Products (Quality Control) Amendment Order, 2026",MANDATORY_UNDER_QCO,Bureau of Indian Standards (BIS)
Scheme-I (ISI Mark),Steel & Metallurgy,IS 8566: 1977,Steel Wire For Reeds,"Steel & Steel Products (Quality Control) Amendment Order, 2026",MANDATORY_UNDER_QCO,Bureau of Indian Standards (BIS)
Scheme-I (ISI Mark),Steel & Metallurgy,IS 8917: 1978,Plates For Galvanizing Pots,"Steel & Steel Products (Quality Control) Amendment Order, 2026",MANDATORY_UNDER_QCO,Bureau of Indian Standards (BIS)
Scheme-I (ISI Mark),Steel & Metallurgy,IS 9442: 1980,Hot Rolled Steel Plates Sheets And Strips For Manufacture of Agricultural Discs,"Steel & Steel Products (Quality Control) Amendment Order, 2026",MANDATORY_UNDER_QCO,Bureau of Indian Standards (BIS)
Scheme-I (ISI Mark),Steel & Metallurgy,IS 9485: 1980,Cold-Reduced And Hot-Rolled Carbon Steel Sheet For Porcelain Enamelling,"Steel & Steel Products (Quality Control) Amendment Order, 2026",MANDATORY_UNDER_QCO,Bureau of Indian Standards (BIS)
Scheme-I (ISI Mark),Steel & Metallurgy,IS 10794: 1984,Mild steel wire for cotter pins,"Steel & Steel Products (Quality Control) Amendment Order, 2026",MANDATORY_UNDER_QCO,Bureau of Indian Standards (BIS)
Scheme-I (ISI Mark),Steel & Metallurgy,IS 12262:1988,Trapezoidal Steel Wire For Springs Washers,"Steel & Steel Products (Quality Control) Amendment Order, 2026",MANDATORY_UNDER_QCO,Bureau of Indian Standards (BIS)
Scheme-I (ISI Mark),Steel & Metallurgy,IS 1470: 2013,Silicomanganese – Specification,"Steel & Steel Products (Quality Control) Amendment Order, 2026",MANDATORY_UNDER_QCO,Bureau of Indian Standards (BIS)
Scheme-I (ISI Mark),Steel & Metallurgy,IS 15911:2010,Structural Steel (Ordinary Quality),"Steel & Steel Products (Quality Control) Amendment Order, 2026",MANDATORY_UNDER_QCO,Bureau of Indian Standards (BIS)
Scheme-I (ISI Mark),Steel & Metallurgy,IS 1171: 2011,Ferromanganese – Specification,"Steel & Steel Products (Quality Control) Amendment Order, 2026",MANDATORY_UNDER_QCO,Bureau of Indian Standards (BIS)
Scheme-I (ISI Mark),Steel & Metallurgy,IS 4431: 1978,Carbon And Carbon- Manganese Free- Cutting Steels,"Steel & Steel Products (Quality Control) Amendment Order, 2026",MANDATORY_UNDER_QCO,Bureau of Indian Standards (BIS)
Scheme-I (ISI Mark),Steel & Metallurgy,IS 4432: 1988,Case Hardening Steels,"Steel & Steel Products (Quality Control) Amendment Order, 2026",MANDATORY_UNDER_QCO,Bureau of Indian Standards (BIS)
Scheme-I (ISI Mark),Steel & Metallurgy,IS 5518: 1996,Steels For Die Blocks For Drop Forging,"Steel & Steel Products (Quality Control) Amendment Order, 2026",MANDATORY_UNDER_QCO,Bureau of Indian Standards (BIS)
Scheme-I (ISI Mark),Steel & Metallurgy,IS 8748: 1978,Standard Specification,"Steel & Steel Products (Quality Control) Amendment Order, 2026",MANDATORY_UNDER_QCO,Bureau of Indian Standards (BIS)
Scheme-I (ISI Mark),Steel & Metallurgy,IS 12145: 1987,Quenched And Tempered Alloy Steel Forgings For Pressure Vessels,"Steel & Steel Products (Quality Control) Amendment Order, 2026",MANDATORY_UNDER_QCO,Bureau of Indian Standards (BIS)
Scheme-I (ISI Mark),Steel & Metallurgy,IS 13387: 1992,Tool Steel Forgings For Metal Forming,"Steel & Steel Products (Quality Control) Amendment Order, 2026",MANDATORY_UNDER_QCO,Bureau of Indian Standards (BIS)
Scheme-I (ISI Mark),Steel & Metallurgy,IS 14698:1999,"Carbon And Low Alloy Billets, Blooms, Slabs And Bars For Manufacture Of Shell BodiesAnd Proof Shots Used In Defence Services","Steel & Steel Products (Quality Control) Amendment Order, 2026",MANDATORY_UNDER_QCO,Bureau of Indian Standards (BIS)
Scheme-I (ISI Mark),Steel & Metallurgy,IS 3930: 1994,Flame And Induction Hardening Steels,"Steel & Steel Products (Quality Control) Amendment Order, 2026",MANDATORY_UNDER_QCO,Bureau of Indian Standards (BIS)
Scheme-I (ISI Mark),Steel & Metallurgy,IS 5478: 1969,Thermostat Metal Sheet and Strip,"Steel & Steel Products (Quality Control) Amendment Order, 2026",MANDATORY_UNDER_QCO,Bureau of Indian Standards (BIS)
Scheme-I (ISI Mark),Steel & Metallurgy,IS 13352: 1992,"Stock for Forgings produced from Continuously Cast Blooms, Billets and Slabs","Steel & Steel Products (Quality Control) Amendment Order, 2026",MANDATORY_UNDER_QCO,Bureau of Indian Standards (BIS)
Scheme-I (ISI Mark),Steel & Metallurgy,IS 16644: 2018,"Stress-Relieved, Low Relaxation Steel Wire for Pre-stressed Concrete","Steel & Steel Products (Quality Control) Amendment Order, 2026",MANDATORY_UNDER_QCO,Bureau of Indian Standards (BIS)
Scheme-I (ISI Mark),Steel & Metallurgy,IS 17404 : 2020,Electrogalvanized Hot Rolled and Cold Reduced Carbon Steel Sheetsand Strips,"Steel & Steel Products (Quality Control) Amendment Order, 2026",MANDATORY_UNDER_QCO,Bureau of Indian Standards (BIS)
Scheme-I (ISI Mark),Steel & Metallurgy,IS 18316: 2023,Hot Rolled and Cold Rolled Steel Strips Intended For Processing Of Semi/Fully Processed NonGrain Oriented Electrical Steel Or Fully Processed Grain Oriented Electrical Steel,"Steel & Steel Products (Quality Control) Amendment Order, 2026",MANDATORY_UNDER_QCO,Bureau of Indian Standards (BIS)
Scheme-I (ISI Mark),Steel & Metallurgy,IS 18384: 2023,"Hot-Rolled Steel Strip, Sheet and Plates for Welded Steel Pipe for Pipeline Transportation Systems","Steel & Steel Products (Quality Control) Amendment Order, 2026",MANDATORY_UNDER_QCO,Bureau of Indian Standards (BIS)
Scheme-I (ISI Mark),Steel & Metallurgy,IS 18385: 2023,Hot- Dip galvanized/ galvannealed Steel Sheet and strips for Automotive Applications,"Steel & Steel Products (Quality Control) Amendment Order, 2026",MANDATORY_UNDER_QCO,Bureau of Indian Standards (BIS)
Scheme-I (ISI Mark),Steel & Metallurgy,IS 18513: 2023,"Hot-Dip Zinc – Aluminium – Magnesium Alloy Coated Steel Sheets, Plates and Strips","Steel & Steel Products (Quality Control) Amendment Order, 2026",MANDATORY_UNDER_QCO,Bureau of Indian Standards (BIS)
Scheme-I (ISI Mark),Steel & Metallurgy,IS 1469: 1993,Ferromolybdenum – Specification,"Steel & Steel Products (Quality Control) Amendment Order, 2026",MANDATORY_UNDER_QCO,Bureau of Indian Standards (BIS)
Scheme-I (ISI Mark),Steel & Metallurgy,IS 1466: 1985,Specification for Ferro Vanadium,"Steel & Steel Products (Quality Control) Amendment Order, 2026",MANDATORY_UNDER_QCO,Bureau of Indian Standards (BIS)
Scheme-I (ISI Mark),Steel & Metallurgy,IS 8329 : 2000,"Centrifugally cast (spun) ductile iron pressure pipes for water, gas and sewage","Steel & Steel Products (Quality Control) Amendment Order, 2026",MANDATORY_UNDER_QCO,Bureau of Indian Standards (BIS)
Scheme-I (ISI Mark),Steel & Metallurgy,IS 9523:2000,"Ductile iron fittings for pressure pipes for water, gas and sewage","11. Ductile Iron Pressure Pipes and Fittings (Quality Control) Order, 2009",MANDATORY_UNDER_QCO,Bureau of Indian Standards (BIS)
Scheme-I (ISI Mark),Steel & Metallurgy,IS 1161:2014,Steel tubes for structural purposes,"11. Ductile Iron Pressure Pipes and Fittings (Quality Control) Order, 2009",MANDATORY_UNDER_QCO,Bureau of Indian Standards (BIS)
Scheme-I (ISI Mark),Steel & Metallurgy,IS 1239 (Part 1):2014,"Steel Tubes, Tubulars and Other Wrought Steel Fittings – Part 1 : Steel Tubes","Mild Steel Tubes (excluding seamless tube & tubes according to API Specification) (Quality Control) order,1978 and Amendment Order, 1983",MANDATORY_UNDER_QCO,Bureau of Indian Standards (BIS)
Scheme-I (ISI Mark),Steel & Metallurgy,IS 4270:2001,Steel tubes used for water-wells (upto 200 mm dia),"Mild Steel Tubes (excluding seamless tube & tubes according to API Specification) (Quality Control) order,1978 and Amendment Order, 1983",MANDATORY_UNDER_QCO,Bureau of Indian Standards (BIS)
Scheme-I (ISI Mark),Steel & Metallurgy,IS 9139:1979,Specification for Malleable iron shots and grits for use in foundries,"Mild Steel Tubes (excluding seamless tube & tubes according to API Specification) (Quality Control) order,1978 and Amendment Order, 1983",MANDATORY_UNDER_QCO,Bureau of Indian Standards (BIS)
Scheme-I (ISI Mark),Steel & Metallurgy,IS 1180 (Part 1),"Out door type Oil immersed Distribution Transformers upto and including 2500 kVA, 33 KV-specification Part 1 Mineral oil immersed","13. [Malleable Iron Shots and Grits (Quality Control) Order, 2020](https://bis.gov.in/wp-content/uploads/2020/08/Egazette-Malleable-Iron-Shots-and-Grits.pdf)",MANDATORY_UNDER_QCO,Bureau of Indian Standards (BIS)
Scheme-I (ISI Mark),Steel & Metallurgy,IS 12615,Energy Efficient Induction Motors-Three Phase Squirrel Cage,"13. [Malleable Iron Shots and Grits (Quality Control) Order, 2020](https://bis.gov.in/wp-content/uploads/2020/08/Egazette-Malleable-Iron-Shots-and-Grits.pdf)",MANDATORY_UNDER_QCO,Bureau of Indian Standards (BIS)
Scheme-I (ISI Mark),Steel & Metallurgy,IS 2993,A.C. motor capacitors,"13. [Malleable Iron Shots and Grits (Quality Control) Order, 2020](https://bis.gov.in/wp-content/uploads/2020/08/Egazette-Malleable-Iron-Shots-and-Grits.pdf)",MANDATORY_UNDER_QCO,Bureau of Indian Standards (BIS)
Scheme-I (ISI Mark),Steel & Metallurgy,IS 13340,Power Capacitors of Self-healing Type for AC Power Systems having Rated Voltage up to 650V,"13. [Malleable Iron Shots and Grits (Quality Control) Order, 2020](https://bis.gov.in/wp-content/uploads/2020/08/Egazette-Malleable-Iron-Shots-and-Grits.pdf)",MANDATORY_UNDER_QCO,Bureau of Indian Standards (BIS)
Scheme-I (ISI Mark),Steel & Metallurgy,IS 13585 Part 1,"Shunt Power Capacitors of the Non-Self-Healing Type for AC System having a Rated Voltage up to and Including 1000V Part-1 General Performance, Testing amd Rating Safety Requirements Guide for Installation and Operation","13. [Malleable Iron Shots and Grits (Quality Control) Order, 2020](https://bis.gov.in/wp-content/uploads/2020/08/Egazette-Malleable-Iron-Shots-and-Grits.pdf)",MANDATORY_UNDER_QCO,Bureau of Indian Standards (BIS)
Scheme-I (ISI Mark),Steel & Metallurgy,IS 252:2013,Caustic Soda -Specification,"13. [Malleable Iron Shots and Grits (Quality Control) Order, 2020](https://bis.gov.in/wp-content/uploads/2020/08/Egazette-Malleable-Iron-Shots-and-Grits.pdf)",MANDATORY_UNDER_QCO,Bureau of Indian Standards (BIS)
Scheme-I (ISI Mark),Steel & Metallurgy,IS 10116 : 2015,Boric Acid – Specification,"17. Bureau of Indian Standard (Caustic Soda) Order, 2018",MANDATORY_UNDER_QCO,Bureau of Indian Standards (BIS)
Scheme-I (ISI Mark),Steel & Metallurgy,IS 15573,Poly Aluminium Chloride,"18. Bureau of Indian Standards (Standards for Boric Acid) Order, 2019",MANDATORY_UNDER_QCO,Bureau of Indian Standards (BIS)
Scheme-I (ISI Mark),Steel & Metallurgy,IS 695:2020,Acetic Acid,"19. Poly Aluminium Chloride (Quality Control) Order, 2019",MANDATORY_UNDER_QCO,Bureau of Indian Standards (BIS)
Scheme-I (ISI Mark),Chemicals & Fertilizers,IS 2833:2019,Aniline,"Withdrawl order of Acetic Acid (Quality Control) Order, 2019",MANDATORY_UNDER_QCO,Bureau of Indian Standards (BIS)
Scheme-I (ISI Mark),Chemicals & Fertilizers,IS 517:2020,Methanol,"Withdrawl order of Aniline (Quality Control) Order, 2019",MANDATORY_UNDER_QCO,Bureau of Indian Standards (BIS)
Scheme-I (ISI Mark),Chemicals & Fertilizers,IS 5158: 1987,"Specification for Phthalic Anhydride, Technical","Withdrawl order of Methanol (Quality Control) Order, 2019",MANDATORY_UNDER_QCO,Bureau of Indian Standards (BIS)
Scheme-I (ISI Mark),Chemicals & Fertilizers,IS 8058:2018,Pyridine,"Phthalic Anhydride (Quality Control) Second Amendment Order, 2022[(S.O. 5989(E), dated 21/12/2022)](https://bis.gov.in/wp-content/uploads/2022/12/Extension-of-Date-of-implementation-of-04-Petrochemicals-2.pdf)",MANDATORY_UNDER_QCO,Bureau of Indian Standards (BIS)
Scheme-I (ISI Mark),Chemicals & Fertilizers,IS 16113:2013,Gamma Picoline,"Rescind Pyridine (Quality Control) Order, 2020",MANDATORY_UNDER_QCO,Bureau of Indian Standards (BIS)
Scheme-I (ISI Mark),Chemicals & Fertilizers,IS 16112:2013,Beta Picoline,"Gamma Picoline (Quality Control) Order, 2020",MANDATORY_UNDER_QCO,Bureau of Indian Standards (BIS)
Scheme-I (ISI Mark),Chemicals & Fertilizers,IS 12084: 2018,Morpholine,"Rescind Beta Picoline (Quality Control) Order, 2020",MANDATORY_UNDER_QCO,Bureau of Indian Standards (BIS)
Scheme-I (ISI Mark),Chemicals & Fertilizers,IS 297:2001,"Sodium Sulphide, Technical","Morpholine (Quality Control) Order, 2020",MANDATORY_UNDER_QCO,Bureau of Indian Standards (BIS)
Scheme-I (ISI Mark),Chemicals & Fertilizers,IS 7129:1992,"Potassium Carbonate, Anhydrous","23. Sodium Sulphide (Quality Control) Order, 2020",MANDATORY_UNDER_QCO,Bureau of Indian Standards (BIS)
Scheme-I (ISI Mark),Chemicals & Fertilizers,IS 170:2004,Acetone,"Potassium Carbonate (Quality Control) Order, 2020",MANDATORY_UNDER_QCO,Bureau of Indian Standards (BIS)
Scheme-I (ISI Mark),Chemicals & Fertilizers,IS 4581:1978,"Phosphorous Trichloride, pure and Analytical Reagent","Acetone (Quality Control) Order, 2020",MANDATORY_UNDER_QCO,Bureau of Indian Standards (BIS)
Scheme-I (ISI Mark),Chemicals & Fertilizers,IS 11744:1986,"Phosphorous Pentachloride, Technical","26. Phosphorous Trichloride (Quality Control) Order, 2020",MANDATORY_UNDER_QCO,Bureau of Indian Standards (BIS)
Scheme-I (ISI Mark),Chemicals & Fertilizers,IS 11657:1986,"Phosphorous Oxychloride, Technical","27. Phosphorous Pentachloride, (Quality Control) Order, 2020",MANDATORY_UNDER_QCO,Bureau of Indian Standards (BIS)
Scheme-I (ISI Mark),Chemicals & Fertilizers,IS 2080:2021,Stabilized Hydrogen Peroxide,"28. Phosphorous Oxychloride, (Quality Control) Order, 2020",MANDATORY_UNDER_QCO,Bureau of Indian Standards (BIS)
Scheme-I (ISI Mark),Chemicals & Fertilizers,IS 3205:1984,"Precipitated Barium Carbonate, Technical","Hydrogen Peroxide (Quality Control) Order, 2022",MANDATORY_UNDER_QCO,Bureau of Indian Standards (BIS)
Scheme-I (ISI Mark),Chemicals & Fertilizers,IS 12928:1990,Precipitated Barium for Ceramic and Glass Industry,"30. Precipitated Barium Carbonate, (Quality Control) Order, 2020",MANDATORY_UNDER_QCO,Bureau of Indian Standards (BIS)
Scheme-I (ISI Mark),Chemicals & Fertilizers,IS 4505:2015,Sodium Formaldehyde Sulphoxylate,"Precipitated Barium Carbonate, (Quality Control) Order, 2020",MANDATORY_UNDER_QCO,Bureau of Indian Standards (BIS)
Scheme-I (ISI Mark),Chemicals & Fertilizers,IS 6100:1984,"Sodium Tripolyphosphate, Anhydrous, Technical","31. Sodium Formaldehyde Sulphoxylate, (Quality Control) Order, 2020",MANDATORY_UNDER_QCO,Bureau of Indian Standards (BIS)
Scheme-I (ISI Mark),Chemicals & Fertilizers,IS 14709:1999,n- Butyl Acrylate,"Rescind Sodium Tripolyphosphate (Quality Control) Order, 2020",MANDATORY_UNDER_QCO,Bureau of Indian Standards (BIS)
Scheme-I (ISI Mark),Chemicals & Fertilizers,IS 336:1973,Ether,"n- Butyl Acrylate (Quality Control) Order, 2021 [S.O.3729 (E) Dated 09 July, 2026](https://www.bis.gov.in/wp-content/uploads/2026/07/Temporary-suspension-of-nButyl-Acrylate-Quality-Control-Order.pdf)",MANDATORY_UNDER_QCO,Bureau of Indian Standards (BIS)
Scheme-I (ISI Mark),Chemicals & Fertilizers,IS 5295:1985,Ethylene Glycol,"[Ether (Quality Control) Amendment Order, 2021](https://www.bis.gov.in/wp-content/uploads/2021/07/Chemical-products-amendment-order.pdf)",MANDATORY_UNDER_QCO,Bureau of Indian Standards (BIS)
Scheme-I (ISI Mark),Chemicals & Fertilizers,IS 537:2011,Toluene,"Rescind order of Ethylene Glycol (Quality Control) Order, 2021[S.O. 5130 (E) Dated 12 November, 2025](https://www.bis.gov.in/wp-content/uploads/2025/11/Ethylene-Glycol-Rescind-Order-2025.pdf)",MANDATORY_UNDER_QCO,Bureau of Indian Standards (BIS)
Scheme-I (ISI Mark),Chemicals & Fertilizers,IS 15030:2001,Terephthalic Acid,"Rescind order of Toluene (Quality Control) Order, 2021 [S.O. 5528(E) Dated 01 December, 2025](https://www.bis.gov.in/wp-content/uploads/2025/12/Rescind-Toluene-QCO-2021.pdf)",MANDATORY_UNDER_QCO,Bureau of Indian Standards (BIS)
Scheme-I (ISI Mark),Chemicals & Fertilizers,IS 14707: 1999,Methyl Acrylate,"Rescind order of Terephthalic Acid (Quality Control) Order, 2021[S.O. 5129 (E) Dated 12 November, 2025](https://www.bis.gov.in/wp-content/uploads/2025/11/Terephthalic-Acid-Rescid-Order-2025.pdf)",MANDATORY_UNDER_QCO,Bureau of Indian Standards (BIS)
Scheme-I (ISI Mark),Chemicals & Fertilizers,IS 14708:1999,Ethyl Acrylate,"Rescind order of Methyl Acrylate, Ethyl Acrylate (Quality Control) Order, 2021",MANDATORY_UNDER_QCO,Bureau of Indian Standards (BIS)
Scheme-I (ISI Mark),Chemicals & Fertilizers,IS 12345:1988,Vinyl Acetate Monomer,"Rescind order of Methyl Acrylate, Ethyl Acrylate (Quality Control) Order, 2021",MANDATORY_UNDER_QCO,Bureau of Indian Standards (BIS)
Scheme-I (ISI Mark),Chemicals & Fertilizers,IS 4105:2020,Styrene (Vinyl Benzene),"Rescind order of Vinyl Acetate Monomer (Quality Control) Order, 2021",MANDATORY_UNDER_QCO,Bureau of Indian Standards (BIS)
Scheme-I (ISI Mark),Chemicals & Fertilizers,IS 5149:2020,"Maleic Anhydride, Technical","Rescind order of Styrene (Vinyl Benzene) (Quality Control) Order, 2022",MANDATORY_UNDER_QCO,Bureau of Indian Standards (BIS)
Scheme-I (ISI Mark),Chemicals & Fertilizers,IS 12540:1988,Acrylonitrile,"Rescind order of Maleic Anhydride (Quality Control) Order, 2022",MANDATORY_UNDER_QCO,Bureau of Indian Standards (BIS)
Scheme-I (ISI Mark),Chemicals & Fertilizers,IS 17265:2019,100 Percent. Polyester Spun Grey and White Yarn (PSY),"Rescind order of Acrylonitrile (Quality Control) Order, 2022",MANDATORY_UNDER_QCO,Bureau of Indian Standards (BIS)
Scheme-I (ISI Mark),Chemicals & Fertilizers,IS 17261:2019,Polyester Continuous Filament Fully Drawn Yarn (FDY),"Rescind order of 100 Percent. Polyester Spun Grey and White Yarn (Quality Control) Order, 2023",MANDATORY_UNDER_QCO,Bureau of Indian Standards (BIS)
Scheme-I (ISI Mark),Chemicals & Fertilizers,IS 17264:2019,Standard Specification,"Rescind order of Polyester Continuous Filament Fully Drawn Yarn (Quality Control) Order, 2023",MANDATORY_UNDER_QCO,Bureau of Indian Standards (BIS)
Scheme-I (ISI Mark),Chemicals & Fertilizers,IS 17262:2019,Polyester Partially Oriented Yarn (POY),"Rescind order of Polyester Industrial Yarn (IDY) (Quality Control) Order, 2022",MANDATORY_UNDER_QCO,Bureau of Indian Standards (BIS)
Scheme-I (ISI Mark),Chemicals & Fertilizers,IS 17263:2019,Polyester Staple Fibres (PSF),"Rescind order of Polyester Partially Oriented Yarn (Quality Control) Order, 2023",MANDATORY_UNDER_QCO,Bureau of Indian Standards (BIS)
Scheme-I (ISI Mark),Chemicals & Fertilizers,IS 7328:2020,Polyethylene Material for moulding and extrusion,"Rescind order of Polyester Staple Fibres (PSF) (Quality Control) Order, 2022",MANDATORY_UNDER_QCO,Bureau of Indian Standards (BIS)
Scheme-I (ISI Mark),Chemicals & Fertilizers,IS 11356:2020,Styrene-Butadiene Rubber Latex,"Rescind order of Polyethylene Material for moulding and extrusion (Quality Control) Order, 2022",MANDATORY_UNDER_QCO,Bureau of Indian Standards (BIS)
Scheme-I (ISI Mark),Chemicals & Fertilizers,IS 16481:2016,Synthetic Micro-Fibres for use in Cement Based Matrix,"Styrene-Butadiene Rubber Latex (Quality Control) Amendment Order, 2024",MANDATORY_UNDER_QCO,Bureau of Indian Standards (BIS)
Scheme-I (ISI Mark),Chemicals & Fertilizers,IS 12795:2020,Linear Alkyl Benzene,"Synthetic Micro- Fibres for use in Cement Based Matrix (Quality Control) Amendment Order, 2022",MANDATORY_UNDER_QCO,Bureau of Indian Standards (BIS)
Scheme-I (ISI Mark),Chemicals & Fertilizers,IS 13601:1993,Ethylene Vinyl Acetate (EVA) Copolymers,"Temporary Suspension of Linear Alkyl Benzene (Quality Control) Order, 2022",MANDATORY_UNDER_QCO,Bureau of Indian Standards (BIS)
Scheme-I (ISI Mark),Chemicals & Fertilizers,IS 7686:2020,"3(N, N-DiEthyl) Aminophenol","Rescind order of Ethylene Vinyl Acetate (EVA) Copolymers (Quality Control) Order, 2022",MANDATORY_UNDER_QCO,Bureau of Indian Standards (BIS)
Scheme-I (ISI Mark),Chemicals & Fertilizers,IS 4566:2020,Methylene Chloride (Dichloromethane),"37. 3 (N, N Di-Ethyl) Aminophenol (Quality Control) Order, 2021",MANDATORY_UNDER_QCO,Bureau of Indian Standards (BIS)
Scheme-I (ISI Mark),Chemicals & Fertilizers,IS 2012:2006,Red Phosphorus,"Methylene Chloride (Dichloromethane) (Quality Control) Amendment Order, 2023",MANDATORY_UNDER_QCO,Bureau of Indian Standards (BIS)
Scheme-I (ISI Mark),Chemicals & Fertilizers,IS 17077 :2019/ISO 19062-1 : 2015,Acrylonitrile Butadiene Styrene (ABS),"39. Red Phosphorus (Quality Control) Order, 2021",MANDATORY_UNDER_QCO,Bureau of Indian Standards (BIS)
Scheme-I (ISI Mark),Chemicals & Fertilizers,IS 869:2020,Ethylene Dichloride,"Rescind order of Acrylonitrile Butadiene Styrene (ABS)(Quality Control) Order, 2021",MANDATORY_UNDER_QCO,Bureau of Indian Standards (BIS)
Scheme-I (ISI Mark),Chemicals & Fertilizers,IS 17370:2020,p-Xylene,"Rescind order of Ethylene Dichloride (Quality Control) Order, 2021",MANDATORY_UNDER_QCO,Bureau of Indian Standards (BIS)
Scheme-I (ISI Mark),Chemicals & Fertilizers,IS 14434:1998,Polycarbonate,"Rescind order of p-Xylene (Quality Control) Order, 2021",MANDATORY_UNDER_QCO,Bureau of Indian Standards (BIS)
Scheme-I (ISI Mark),Chemicals & Fertilizers,IS 17397 (Part 1) : 2020/ISO 16365-1 : 2014,Polyurethanes,"Rescind order of Polycarbonate (Quality Control) Order, 2021",MANDATORY_UNDER_QCO,Bureau of Indian Standards (BIS)
Scheme-I (ISI Mark),Chemicals & Fertilizers,IS 17442:2020,Vinyl Chloride Monomer,"Rescind order of Polyurethanes (Quality Control) Order, 2021",MANDATORY_UNDER_QCO,Bureau of Indian Standards (BIS)
Scheme-I (ISI Mark),Chemicals & Fertilizers,IS 17450 : 2020,"1,3 Phenylenediamine","Rescind order of Vinyl Chloride Monomer (Quality Control) Order, 2020",MANDATORY_UNDER_QCO,Bureau of Indian Standards (BIS)
Scheme-I (ISI Mark),Chemicals & Fertilizers,IS 10931 : 1984,Lauric Acid,"40. 1,3 Phenylenediamine (Quality Control) Order, 2022",MANDATORY_UNDER_QCO,Bureau of Indian Standards (BIS)
Scheme-I (ISI Mark),Chemicals & Fertilizers,IS 12029 : 1986,Acid Oil,"Rescinds order of Lauric Acid (Quality Control) Order, 2022",MANDATORY_UNDER_QCO,Bureau of Indian Standards (BIS)
Scheme-I (ISI Mark),Chemicals & Fertilizers,IS 12067: 1987,Palm Fatty Acids,"Rescinds order of Acid Oil (Quality Control) Order, 2022",MANDATORY_UNDER_QCO,Bureau of Indian Standards (BIS)
Scheme-I (ISI Mark),Chemicals & Fertilizers,IS 12068 :1987,Rice Bran Fatty Acids,"Rescinds order of Palm Fatty Acids (Quality Control) Order, 2022",MANDATORY_UNDER_QCO,Bureau of Indian Standards (BIS)
Scheme-I (ISI Mark),Chemicals & Fertilizers,IS 12069 : 1987,Coconut Fatty Acids,"Rescinds order of Rice Bran Fatty Acids (Quality Control) Order, 2022",MANDATORY_UNDER_QCO,Bureau of Indian Standards (BIS)
Scheme-I (ISI Mark),Chemicals & Fertilizers,IS 12124 : 1987,Rubberseed Fatty Acids,"Rescinds order of Coconut Fatty Acids (Quality Control) Order, 2022",MANDATORY_UNDER_QCO,Bureau of Indian Standards (BIS)
Scheme-I (ISI Mark),Chemicals & Fertilizers,IS 12361 :1988,Hydrogenated Rice Bran Fatty Acids,"41. Rubberseed Fatty Acids (Quality Control) Order, 2022",MANDATORY_UNDER_QCO,Bureau of Indian Standards (BIS)
Scheme-I (ISI Mark),Chemicals & Fertilizers,IS 302 (Part 2/ Section 14),Hand-held Blender,"Rescinds order of Hydrogeneted Rice Bran Fatty Acids (Quality Control) Order, 2022",MANDATORY_UNDER_QCO,Bureau of Indian Standards (BIS)
Scheme-I (ISI Mark),Chemicals & Fertilizers,IS 4250,Domestic Electric Food Mixer (Liquidizers and Grinders) and Centrifugal Juicer,"42. Bureau of Indian Standards Kitchen Appliances (Quality Control) Order, 2018 [S.O. 5243(E) dated 10th October, 2018](https://www.bis.gov.in/MandatoryProducts/QCOrder/QCO_dated_10th_Oct2018.pdf)",MANDATORY_UNDER_QCO,Bureau of Indian Standards (BIS)
Scheme-I (ISI Mark),Food & Agriculture,IS 15558,Instantaneous Domestic Water Heater for use with Liquefied Petroleum Gas,"42. Bureau of Indian Standards Kitchen Appliances (Quality Control) Order, 2018 [S.O. 5243(E) dated 10th October, 2018](https://www.bis.gov.in/MandatoryProducts/QCOrder/QCO_dated_10th_Oct2018.pdf)",MANDATORY_UNDER_QCO,Bureau of Indian Standards (BIS)
Scheme-I (ISI Mark),Food & Agriculture,IS 1391 (Part-1): 2017,Room Air Conditioners- Specification Part 1 Unitary Air Conditioners,"43. Bureau of Indian Standards Domestic Water Heater for Use with Liquefied Petroleum Gas (Quality Control) Order, 2018 [S.O. 5244(E) dated 10th October, 2018](https://www.bis.gov.in/MandatoryProducts/QCOrder/QCO_dated_10th_Oct2018.pdf)",MANDATORY_UNDER_QCO,Bureau of Indian Standards (BIS)
Scheme-I (ISI Mark),Food & Agriculture,IS 1391 (Part-2): 2018,Room Air Conditioners- Specification Part 2 Split Air Conditioners,"Transition Facilitation (Quality Control) Order, 2026[S.O. 3417 (E) Dated 25 June, 2026](https://www.bis.gov.in/wp-content/uploads/2026/06/Notification-of-Transition-Facilitation-Quality-Control-Order-2026.pdf)",MANDATORY_UNDER_QCO,Bureau of Indian Standards (BIS)
Scheme-I (ISI Mark),Food & Agriculture,IS 8148:2018,Ducted and Package Air Conditioners,"Transition Facilitation (Quality Control) Order, 2026[S.O. 3417 (E) Dated 25 June, 2026](https://www.bis.gov.in/wp-content/uploads/2026/06/Notification-of-Transition-Facilitation-Quality-Control-Order-2026.pdf)",MANDATORY_UNDER_QCO,Bureau of Indian Standards (BIS)
Scheme-I (ISI Mark),Food & Agriculture,IS 11329:2018,Finned type Heat Exchanger for Room Air Conditioner,"Transition Facilitation (Quality Control) Order, 2026[S.O. 3417 (E) Dated 25 June, 2026](https://www.bis.gov.in/wp-content/uploads/2026/06/Notification-of-Transition-Facilitation-Quality-Control-Order-2026.pdf)",MANDATORY_UNDER_QCO,Bureau of Indian Standards (BIS)
Scheme-I (ISI Mark),Food & Agriculture,IS 10617:2018,Hermetic compressor Hermetic Compressors-Specification,"Transition Facilitation (Quality Control) Order, 2026[S.O. 3417 (E) Dated 25 June, 2026](https://www.bis.gov.in/wp-content/uploads/2026/06/Notification-of-Transition-Facilitation-Quality-Control-Order-2026.pdf)",MANDATORY_UNDER_QCO,Bureau of Indian Standards (BIS)
Scheme-I (ISI Mark),Food & Agriculture,IS 1293 : 2005,Plugs and socket-outlets of Rated Voltage up to and including 250 Volts and Rated current up to and including 16 amperes,"Transition Facilitation (Quality Control) Order, 2026[S.O. 3417 (E) Dated 25 June, 2026](https://www.bis.gov.in/wp-content/uploads/2026/06/Notification-of-Transition-Facilitation-Quality-Control-Order-2026.pdf)",MANDATORY_UNDER_QCO,Bureau of Indian Standards (BIS)
Scheme-I (ISI Mark),Food & Agriculture,IS 15884:2010,Alternating Current Direct Connected Static Prepayment Meters for Active Energy (Class1 and 2),"45. [Superseded by Plugs and Socket-Outlets and AC Direct Connected Static Prepayment Meters for Active Energy (Quality Control) Order, 2021](https://www.bis.gov.in/wp-content/uploads/2021/06/Plugs-and-Socket-Outlets-and-AC-Direct-Connected-Static-Prepayment-Meters-for-Active-Energy-Quality-Control-Order-2021.pdf)",MANDATORY_UNDER_QCO,Bureau of Indian Standards (BIS)
Scheme-I (ISI Mark),Food & Agriculture,IS 4246: 2002,Domestic Gas Stoves for use with Liquefied Petroleum Gases,"45. [Superseded by Plugs and Socket-Outlets and AC Direct Connected Static Prepayment Meters for Active Energy (Quality Control) Order, 2021](https://www.bis.gov.in/wp-content/uploads/2021/06/Plugs-and-Socket-Outlets-and-AC-Direct-Connected-Static-Prepayment-Meters-for-Active-Energy-Quality-Control-Order-2021.pdf)",MANDATORY_UNDER_QCO,Bureau of Indian Standards (BIS)
Scheme-I (ISI Mark),Food & Agriculture,IS 14900: 2018,Transparent Float Glass,"46. Domestic Gas Stoves for use with Liquefied Petroleum Gases (Quality Control) Order, 2019",MANDATORY_UNDER_QCO,Bureau of Indian Standards (BIS)
Scheme-I (ISI Mark),Food & Agriculture,IS 2347:2017,Domestic Pressure Cooker,"47. Superseded by Transparent Float Glass (Quality Control) Order, 2021[(S.O. 1928 (E) dated 17.05.2021)](https://www.bis.gov.in/wp-content/uploads/2021/06/Transparent-Float-Glass-Quality-Control-Order-2021.pdf)",MANDATORY_UNDER_QCO,Bureau of Indian Standards (BIS)
Scheme-I (ISI Mark),Food & Agriculture,IS 1554(Part 1) : 1988,Specification for PVC Insulated (Heavy Duty) Electric Cables Part 1 For Working Voltages up to and Including 1100 V,"Domestic Pressure Cooker (Quality Control) (Amendment) Order, 2020 [(S.O.2019(E) dated 23/06/2020)](https://www.bis.gov.in/wp-content/uploads/2020/01/Cables_28012020.pdf)",MANDATORY_UNDER_QCO,Bureau of Indian Standards (BIS)
Scheme-I (ISI Mark),Food & Agriculture,IS 1554(Part 2) : 1988,Specification for PVC Insulated (Heavy Duty) Electric Cables Part 2 For Working Voltages from 3.3 kV up to and Including 11 kV,"49. Cables (Quality Control) Order, 2020 [(S.O. 294 (E) dated 21/01/2020 )](https://www.bis.gov.in/wp-content/uploads/2020/01/Cables_28012020.pdf)",MANDATORY_UNDER_QCO,Bureau of Indian Standards (BIS)
Scheme-I (ISI Mark),Food & Agriculture,IS 7098 (Part 1) : 1988,Specification for Crosslinked Polyethylene Insulated PVC Sheathed Cables Part 1 for working voltages up to and including 1100 V,"49. Cables (Quality Control) Order, 2020 [(S.O. 294 (E) dated 21/01/2020 )](https://www.bis.gov.in/wp-content/uploads/2020/01/Cables_28012020.pdf)",MANDATORY_UNDER_QCO,Bureau of Indian Standards (BIS)
Scheme-I (ISI Mark),Food & Agriculture,IS 7098 (Part 2) : 2011,Crosslinked polyethylene insulated Thermoplastics sheathed cables – Specification Part 2 for working voltages from 3.3 kV up to and including 33 kV,"49. Cables (Quality Control) Order, 2020 [(S.O. 294 (E) dated 21/01/2020 )](https://www.bis.gov.in/wp-content/uploads/2020/01/Cables_28012020.pdf)",MANDATORY_UNDER_QCO,Bureau of Indian Standards (BIS)
Scheme-I (ISI Mark),Food & Agriculture,IS 7098 (Part 3) : 1993,Cross-Linked Polyethylene Insulated Thermoplastics Sheathed Cables Part 3 For Working Voltages from 66 kV Up to and Including 220 kV,"49. Cables (Quality Control) Order, 2020 [(S.O. 294 (E) dated 21/01/2020 )](https://www.bis.gov.in/wp-content/uploads/2020/01/Cables_28012020.pdf)",MANDATORY_UNDER_QCO,Bureau of Indian Standards (BIS)
Scheme-I (ISI Mark),Food & Agriculture,IS 14255 : 1995,Aerial Bunched Cables – For Working Voltages Up to and Including 1100 Volts – Specification,"49. Cables (Quality Control) Order, 2020 [(S.O. 294 (E) dated 21/01/2020 )](https://www.bis.gov.in/wp-content/uploads/2020/01/Cables_28012020.pdf)",MANDATORY_UNDER_QCO,Bureau of Indian Standards (BIS)
Scheme-I (ISI Mark),Food & Agriculture,IS 9968 (Part 2) : 2002,Specification for Elastomer Insulated Cables Part 2 For Working Voltages form 3.3 kV Up to and Including 33 kV,"49. Cables (Quality Control) Order, 2020 [(S.O. 294 (E) dated 21/01/2020 )](https://www.bis.gov.in/wp-content/uploads/2020/01/Cables_28012020.pdf)",MANDATORY_UNDER_QCO,Bureau of Indian Standards (BIS)
Scheme-I (ISI Mark),Food & Agriculture,IS 8784 : 1987,Specification for Thermocouple Compensating Cables,"49. Cables (Quality Control) Order, 2020 [(S.O. 294 (E) dated 21/01/2020 )](https://www.bis.gov.in/wp-content/uploads/2020/01/Cables_28012020.pdf)",MANDATORY_UNDER_QCO,Bureau of Indian Standards (BIS)
Scheme-I (ISI Mark),Food & Agriculture,IS 9857 : 1990,Welding Cables – Specification,"49. Cables (Quality Control) Order, 2020 [(S.O. 294 (E) dated 21/01/2020 )](https://www.bis.gov.in/wp-content/uploads/2020/01/Cables_28012020.pdf)",MANDATORY_UNDER_QCO,Bureau of Indian Standards (BIS)
Scheme-I (ISI Mark),Food & Agriculture,IS 14494 : 2019,Elastomer Insulated Flexible Cables for Use in Mines – Specification,"49. Cables (Quality Control) Order, 2020 [(S.O. 294 (E) dated 21/01/2020 )](https://www.bis.gov.in/wp-content/uploads/2020/01/Cables_28012020.pdf)",MANDATORY_UNDER_QCO,Bureau of Indian Standards (BIS)
Scheme-I (ISI Mark),Food & Agriculture,IS 2593 : 1984,Specification for Flexible Cables for Miner’s Cap-Lamps,"49. Cables (Quality Control) Order, 2020 [(S.O. 294 (E) dated 21/01/2020 )](https://www.bis.gov.in/wp-content/uploads/2020/01/Cables_28012020.pdf)",MANDATORY_UNDER_QCO,Bureau of Indian Standards (BIS)
Scheme-I (ISI Mark),Food & Agriculture,IS 5950 : 1984,Specification for Shot Firing Cables (for use other than in shafts),"49. Cables (Quality Control) Order, 2020 [(S.O. 294 (E) dated 21/01/2020 )](https://www.bis.gov.in/wp-content/uploads/2020/01/Cables_28012020.pdf)",MANDATORY_UNDER_QCO,Bureau of Indian Standards (BIS)
Scheme-I (ISI Mark),Food & Agriculture,IS 17048 : 2018,Halogen Free Flame Retardant (HFFR) Cables for Working Voltages Up to and Including 1100 V – Specification,"49. Cables (Quality Control) Order, 2020 [(S.O. 294 (E) dated 21/01/2020 )](https://www.bis.gov.in/wp-content/uploads/2020/01/Cables_28012020.pdf)",MANDATORY_UNDER_QCO,Bureau of Indian Standards (BIS)
Scheme-I (ISI Mark),Food & Agriculture,IS 9573(Part 1):2017,Rubber Hose for Liquefied Petroleum Gas (LPG)- Specification Part 1 Industrial Application,"49. Cables (Quality Control) Order, 2020 [(S.O. 294 (E) dated 21/01/2020 )](https://www.bis.gov.in/wp-content/uploads/2020/01/Cables_28012020.pdf)",MANDATORY_UNDER_QCO,Bureau of Indian Standards (BIS)
Scheme-I (ISI Mark),Food & Agriculture,IS 9573(Part 2):2017,Rubber Hose for Liquefied Petroleum Gas (LPG)- Specification Part 2- Domestic and Commercial Application.,"50. Rubber Hose for Liquefied Petroleum Gas (LPG) (Quality Control ) Order, 2020 [(S.O. 478(E) dated 28th January 2020)](https://www.bis.gov.in/wp-content/uploads/2020/02/Rubber_Hose_LPG_QCO.pdf)",MANDATORY_UNDER_QCO,Bureau of Indian Standards (BIS)
Scheme-I (ISI Mark),Food & Agriculture,IS 15392,Aluminium and Aluminium Alloy Bare Foil for Food Packaging,"50. Rubber Hose for Liquefied Petroleum Gas (LPG) (Quality Control ) Order, 2020 [(S.O. 478(E) dated 28th January 2020)](https://www.bis.gov.in/wp-content/uploads/2020/02/Rubber_Hose_LPG_QCO.pdf)",MANDATORY_UNDER_QCO,Bureau of Indian Standards (BIS)
Scheme-I (ISI Mark),Toys & Children Products,IS 9873 (Part 1) : 2018,Safety of Toys Part l Safety Aspects Related to Mechanical and Physical Properties.,"51. Aluminium Foil (Quality Control) Order, 2020 [(S.O. 687 (E) dated 13/02/2020 )](https://www.bis.gov.in/wp-content/uploads/2020/02/Aluminium_foil_QCO.pdf)",MANDATORY_UNDER_QCO,Bureau of Indian Standards (BIS)
Scheme-I (ISI Mark),Toys & Children Products,IS 9873 (Part 2) : 2017,Safety of Toys Part 2 Flammability.,"Transition Facilitation (Quality Control) Order, 2026 [S.O. 3417 (E) Dated 25 June, 2026](https://www.bis.gov.in/wp-content/uploads/2026/06/Notification-of-Transition-Facilitation-Quality-Control-Order-2026.pdf)",MANDATORY_UNDER_QCO,Bureau of Indian Standards (BIS)
Scheme-I (ISI Mark),Toys & Children Products,IS 9873 (Part 3) : 2017,Safety Requirements for Toys Part 3 Migration of Certain Elements.,"Transition Facilitation (Quality Control) Order, 2026 [S.O. 3417 (E) Dated 25 June, 2026](https://www.bis.gov.in/wp-content/uploads/2026/06/Notification-of-Transition-Facilitation-Quality-Control-Order-2026.pdf)",MANDATORY_UNDER_QCO,Bureau of Indian Standards (BIS)
Scheme-I (ISI Mark),Toys & Children Products,IS 9873 (Part 4) : 2017,"Safety of Toys Part 4 Swings, Slides and Similar Activity Toys for Indoor and Outdoor Family Domestic Use.","Transition Facilitation (Quality Control) Order, 2026 [S.O. 3417 (E) Dated 25 June, 2026](https://www.bis.gov.in/wp-content/uploads/2026/06/Notification-of-Transition-Facilitation-Quality-Control-Order-2026.pdf)",MANDATORY_UNDER_QCO,Bureau of Indian Standards (BIS)
Scheme-I (ISI Mark),Toys & Children Products,IS 9873 (Part 7) : 2017,Safety of Toys Part 7 Requirements and Test Methods for Finger Paints.,"Transition Facilitation (Quality Control) Order, 2026 [S.O. 3417 (E) Dated 25 June, 2026](https://www.bis.gov.in/wp-content/uploads/2026/06/Notification-of-Transition-Facilitation-Quality-Control-Order-2026.pdf)",MANDATORY_UNDER_QCO,Bureau of Indian Standards (BIS)
Scheme-I (ISI Mark),Toys & Children Products,IS 9873 (Part 9) : 2017,Safety of Toys Part 9 Certain Phthalates Esters in Toys and Children’s Products.,"Transition Facilitation (Quality Control) Order, 2026 [S.O. 3417 (E) Dated 25 June, 2026](https://www.bis.gov.in/wp-content/uploads/2026/06/Notification-of-Transition-Facilitation-Quality-Control-Order-2026.pdf)",MANDATORY_UNDER_QCO,Bureau of Indian Standards (BIS)
Scheme-I (ISI Mark),Toys & Children Products,IS 15644: 2006,Safety of Electric Toys.,"Transition Facilitation (Quality Control) Order, 2026 [S.O. 3417 (E) Dated 25 June, 2026](https://www.bis.gov.in/wp-content/uploads/2026/06/Notification-of-Transition-Facilitation-Quality-Control-Order-2026.pdf)",MANDATORY_UNDER_QCO,Bureau of Indian Standards (BIS)
Scheme-I (ISI Mark),Toys & Children Products,IS 2835 : 1987,Flat Transparent Sheet Glass.,"Transition Facilitation (Quality Control) Order, 2026 [S.O. 3417 (E) Dated 25 June, 2026](https://www.bis.gov.in/wp-content/uploads/2026/07/Notification-of-Transition-Facilitation-Quality-Control-Order-2026-1.pdf)",MANDATORY_UNDER_QCO,Bureau of Indian Standards (BIS)
Scheme-I (ISI Mark),Toys & Children Products,IS 2553 (Part 1):2018,"Safety Glass -Specification Part 1 Architectural, Building and General uses.","53. Superseded by Flat Transparent Sheet Glass (Quality Control) Order, 2021 [(S.O. 4144(E) dated 7th October, 2021)](https://www.bis.gov.in/wp-content/uploads/2021/10/Flat-Transparent-Sheet-Glass-Quality-Control-Order-2021.pdf)",MANDATORY_UNDER_QCO,Bureau of Indian Standards (BIS)
Scheme-I (ISI Mark),Toys & Children Products,IS 2553 (Part 2):2019,Safety Glass -Specification Part 2 For Road Transport .,"Safety Glass(Quality Control) Amendment Order, 2023 [(S.O. 1431(E), dated 24 March 2023)](https://www.bis.gov.in/wp-content/uploads/2023/04/Safety-Glass-QCO-amendment.pdf)",MANDATORY_UNDER_QCO,Bureau of Indian Standards (BIS)
Scheme-I (ISI Mark),Toys & Children Products,IS 14887:2014,Textiles –High Density Polyethylene (HDPE)/ Polypropylene (PP) Woven Sacks for packaging of 50 kilogram Foodgrains,"Safety Glass(Quality Control) Amendment Order, 2023 [(S.O. 1431(E), dated 24 March 2023)](https://www.bis.gov.in/wp-content/uploads/2023/04/Safety-Glass-QCO-amendment.pdf)",MANDATORY_UNDER_QCO,Bureau of Indian Standards (BIS)
Scheme-I (ISI Mark),Food & Agriculture,IS 16208:2015,"Textiles –High Density Polyethylene (HDPE)/ Polypropylene (PP) Woven Sacks for packaging 10 kilogram, 15 kilogram, 20 kilogram, 25 kilogram, and 30 kilogram Foodgrains","55. The Textiles-High Density Polyethylene and Polypropylene woven sacks for packaging or filling (quality control) Order, 2020",MANDATORY_UNDER_QCO,Bureau of Indian Standards (BIS)
Scheme-I (ISI Mark),Food & Agriculture,IS 14968:2015,Textiles –High Density Polyethylene (HDPE)/ Polypropylene (PP) Woven Sacks for packaging 50 kilogram /25 kilogram Sugar,"55. The Textiles-High Density Polyethylene and Polypropylene woven sacks for packaging or filling (quality control) Order, 2020",MANDATORY_UNDER_QCO,Bureau of Indian Standards (BIS)
Scheme-I (ISI Mark),Food & Agriculture,IS 14252:2015,Textiles –High Density Polyethylene (HDPE)/ Polypropylene (PP) Woven Sacks for filling Sand,"55. The Textiles-High Density Polyethylene and Polypropylene woven sacks for packaging or filling (quality control) Order, 2020",MANDATORY_UNDER_QCO,Bureau of Indian Standards (BIS)
Scheme-I (ISI Mark),Food & Agriculture,IS 13095:1991,Butterfly valves for general purpose,"55. The Textiles-High Density Polyethylene and Polypropylene woven sacks for packaging or filling (quality control) Order, 2020",MANDATORY_UNDER_QCO,Bureau of Indian Standards (BIS)
Scheme-I (ISI Mark),Food & Agriculture,IS 14490:2018,Plain Copier Paper,"Bicycles- Retro Reflective Devices (Quality Control) Amendment Order, 2024 [S.O. 4569(E), dated 18th October 2024](https://www.bis.gov.in/wp-content/uploads/2024/10/Bicycles-Retro-Reflective-Devices-Quality-Control-Amendment-Order-2024.pdf)",MANDATORY_UNDER_QCO,Bureau of Indian Standards (BIS)
Scheme-I (ISI Mark),Food & Agriculture,IS 2052 : 2009,Compounded Feeds for Cattle,"58. Plain Copier Paper (Quality Control) Order, 2020. [(S.O. 2149(E) dated 05/06/2020)](https://www.bis.gov.in/wp-content/uploads/2020/07/QCO-Copier-paper-DPIIT.pdf)",MANDATORY_UNDER_QCO,Bureau of Indian Standards (BIS)
Scheme-I (ISI Mark),Food & Agriculture,IS 5557: 2004,Industrial and protective rubber knee and ankle boots,"Automobile Wheel Rim Component (Quality Control) Amendment Order, 2023",MANDATORY_UNDER_QCO,Bureau of Indian Standards (BIS)
Scheme-I (ISI Mark),Food & Agriculture,IS 5557 (Part 2): 2018,All rubber gum boots and ankle boots,"Transition Facilitation (Quality Control) Order, 2026[S.O. 3417 (E) Dated 25 June, 2026](https://www.bis.gov.in/wp-content/uploads/2026/06/Notification-of-Transition-Facilitation-Quality-Control-Order-2026.pdf)",MANDATORY_UNDER_QCO,Bureau of Indian Standards (BIS)
Scheme-I (ISI Mark),Food & Agriculture,IS 5676: 1995,Moulded solid rubber soles and heels,"Transition Facilitation (Quality Control) Order, 2026[S.O. 3417 (E) Dated 25 June, 2026](https://www.bis.gov.in/wp-content/uploads/2026/06/Notification-of-Transition-Facilitation-Quality-Control-Order-2026.pdf)",MANDATORY_UNDER_QCO,Bureau of Indian Standards (BIS)
Scheme-I (ISI Mark),Food & Agriculture,IS 6664: 1992,Rubber microcellular sheets for soles and heels,"Transition Facilitation (Quality Control) Order, 2026[S.O. 3417 (E) Dated 25 June, 2026](https://www.bis.gov.in/wp-content/uploads/2026/06/Notification-of-Transition-Facilitation-Quality-Control-Order-2026.pdf)",MANDATORY_UNDER_QCO,Bureau of Indian Standards (BIS)
Scheme-I (ISI Mark),Food & Agriculture,IS 6719: 1972,Solid PVC soles and heels,"Transition Facilitation (Quality Control) Order, 2026[S.O. 3417 (E) Dated 25 June, 2026](https://www.bis.gov.in/wp-content/uploads/2026/06/Notification-of-Transition-Facilitation-Quality-Control-Order-2026.pdf)",MANDATORY_UNDER_QCO,Bureau of Indian Standards (BIS)
Scheme-I (ISI Mark),Food & Agriculture,IS 6721: 1972,PVC sandal,"Transition Facilitation (Quality Control) Order, 2026[S.O. 3417 (E) Dated 25 June, 2026](https://www.bis.gov.in/wp-content/uploads/2026/06/Notification-of-Transition-Facilitation-Quality-Control-Order-2026.pdf)",MANDATORY_UNDER_QCO,Bureau of Indian Standards (BIS)
Scheme-I (ISI Mark),Food & Agriculture,IS 10702: 1992,Rubber Hawai Chappal,"Transition Facilitation (Quality Control) Order, 2026[S.O. 3417 (E) Dated 25 June, 2026](https://www.bis.gov.in/wp-content/uploads/2026/06/Notification-of-Transition-Facilitation-Quality-Control-Order-2026.pdf)",MANDATORY_UNDER_QCO,Bureau of Indian Standards (BIS)
Scheme-I (ISI Mark),Food & Agriculture,IS 12254: 1993,Polyvinyl chloride(PVC) industrial boots,"Transition Facilitation (Quality Control) Order, 2026[S.O. 3417 (E) Dated 25 June, 2026](https://www.bis.gov.in/wp-content/uploads/2026/06/Notification-of-Transition-Facilitation-Quality-Control-Order-2026.pdf)",MANDATORY_UNDER_QCO,Bureau of Indian Standards (BIS)
Scheme-I (ISI Mark),Food & Agriculture,IS 13893: 1994,"Polyurethane sole, semirigid","Transition Facilitation (Quality Control) Order, 2026[S.O. 3417 (E) Dated 25 June, 2026](https://www.bis.gov.in/wp-content/uploads/2026/06/Notification-of-Transition-Facilitation-Quality-Control-Order-2026.pdf)",MANDATORY_UNDER_QCO,Bureau of Indian Standards (BIS)
Scheme-I (ISI Mark),Food & Agriculture,IS 13995: 1995,Unlined moulded rubber boots,"Transition Facilitation (Quality Control) Order, 2026[S.O. 3417 (E) Dated 25 June, 2026](https://www.bis.gov.in/wp-content/uploads/2026/06/Notification-of-Transition-Facilitation-Quality-Control-Order-2026.pdf)",MANDATORY_UNDER_QCO,Bureau of Indian Standards (BIS)
Scheme-I (ISI Mark),Food & Agriculture,IS 16645: 2018,Moulded plastics footwear- Lined or Unlined polyurethane boots for general industrial use,"Transition Facilitation (Quality Control) Order, 2026[S.O. 3417 (E) Dated 25 June, 2026](https://www.bis.gov.in/wp-content/uploads/2026/06/Notification-of-Transition-Facilitation-Quality-Control-Order-2026.pdf)",MANDATORY_UNDER_QCO,Bureau of Indian Standards (BIS)
Scheme-I (ISI Mark),Food & Agriculture,IS 16994: 2018,Footwear for men and women for municipal scavenging work,"Transition Facilitation (Quality Control) Order, 2026[S.O. 3417 (E) Dated 25 June, 2026](https://www.bis.gov.in/wp-content/uploads/2026/06/Notification-of-Transition-Facilitation-Quality-Control-Order-2026.pdf)",MANDATORY_UNDER_QCO,Bureau of Indian Standards (BIS)
Scheme-I (ISI Mark),Food & Agriculture,IS 1989 (Part 1): 1986,Leather safety boots and shoes for miners,"Transition Facilitation (Quality Control) Order, 2026[S.O. 3417 (E) Dated 25 June, 2026](https://www.bis.gov.in/wp-content/uploads/2026/06/Notification-of-Transition-Facilitation-Quality-Control-Order-2026.pdf)",MANDATORY_UNDER_QCO,Bureau of Indian Standards (BIS)
Scheme-I (ISI Mark),Food & Agriculture,IS 1989 (Part.2): 1986,Leather safety boots and shoes for heavy metal industries,"Transition Facilitation (Quality Control) Order, 2026[S.O. 3417 (E) Dated 25 June, 2026](https://www.bis.gov.in/wp-content/uploads/2026/06/Notification-of-Transition-Facilitation-Quality-Control-Order-2026.pdf)",MANDATORY_UNDER_QCO,Bureau of Indian Standards (BIS)
Scheme-I (ISI Mark),Food & Agriculture,IS 3735: 1996,Canvas Shoes Rubber Sole,"Transition Facilitation (Quality Control) Order, 2026[S.O. 3417 (E) Dated 25 June, 2026](https://www.bis.gov.in/wp-content/uploads/2026/06/Notification-of-Transition-Facilitation-Quality-Control-Order-2026.pdf)",MANDATORY_UNDER_QCO,Bureau of Indian Standards (BIS)
Scheme-I (ISI Mark),Food & Agriculture,IS 3736: 1995,Canvas Boots Rubber Sole,"Transition Facilitation (Quality Control) Order, 2026[S.O. 3417 (E) Dated 25 June, 2026](https://www.bis.gov.in/wp-content/uploads/2026/06/Notification-of-Transition-Facilitation-Quality-Control-Order-2026.pdf)",MANDATORY_UNDER_QCO,Bureau of Indian Standards (BIS)
Scheme-I (ISI Mark),Food & Agriculture,IS 3976: 2018,Safety Rubber Canvas Boots for Miners,"Transition Facilitation (Quality Control) Order, 2026[S.O. 3417 (E) Dated 25 June, 2026](https://www.bis.gov.in/wp-content/uploads/2026/06/Notification-of-Transition-Facilitation-Quality-Control-Order-2026.pdf)",MANDATORY_UNDER_QCO,Bureau of Indian Standards (BIS)
Scheme-I (ISI Mark),Food & Agriculture,IS 11226: 1993,Leather safety footwear having direct moulded rubber sole,"Transition Facilitation (Quality Control) Order, 2026[S.O. 3417 (E) Dated 25 June, 2026](https://www.bis.gov.in/wp-content/uploads/2026/06/Notification-of-Transition-Facilitation-Quality-Control-Order-2026.pdf)",MANDATORY_UNDER_QCO,Bureau of Indian Standards (BIS)
Scheme-I (ISI Mark),Food & Agriculture,IS 14544: 1998,Leather safety footwear with direct moulded polyvinyl chloride (PVC) sole,"Transition Facilitation (Quality Control) Order, 2026[S.O. 3417 (E) Dated 25 June, 2026](https://www.bis.gov.in/wp-content/uploads/2026/06/Notification-of-Transition-Facilitation-Quality-Control-Order-2026.pdf)",MANDATORY_UNDER_QCO,Bureau of Indian Standards (BIS)
Scheme-I (ISI Mark),Food & Agriculture,IS 15844(Part-1): 2023,Sports Footwear for General Purpose,"Transition Facilitation (Quality Control) Order, 2026[S.O. 3417 (E) Dated 25 June, 2026](https://www.bis.gov.in/wp-content/uploads/2026/06/Notification-of-Transition-Facilitation-Quality-Control-Order-2026.pdf)",MANDATORY_UNDER_QCO,Bureau of Indian Standards (BIS)
Scheme-I (ISI Mark),Food & Agriculture,IS 15844(Part-2): 2023,Sports Footwear for Performance Sports Footwear,"Transition Facilitation (Quality Control) Order, 2026[S.O. 3417 (E) Dated 25 June, 2026](https://www.bis.gov.in/wp-content/uploads/2026/06/Notification-of-Transition-Facilitation-Quality-Control-Order-2026.pdf)",MANDATORY_UNDER_QCO,Bureau of Indian Standards (BIS)
Scheme-I (ISI Mark),Food & Agriculture,IS 15844(Part 3): 2024,Sports Footwear for Professional Sports Footwear,"Transition Facilitation (Quality Control) Order, 2026[S.O. 3417 (E) Dated 25 June, 2026](https://www.bis.gov.in/wp-content/uploads/2026/06/Notification-of-Transition-Facilitation-Quality-Control-Order-2026.pdf)",MANDATORY_UNDER_QCO,Bureau of Indian Standards (BIS)
Scheme-I (ISI Mark),Food & Agriculture,IS 17012: 2018,High ankle tactical boots with PU – Rubber sole,"Transition Facilitation (Quality Control) Order, 2026[S.O. 3417 (E) Dated 25 June, 2026](https://www.bis.gov.in/wp-content/uploads/2026/06/Notification-of-Transition-Facilitation-Quality-Control-Order-2026.pdf)",MANDATORY_UNDER_QCO,Bureau of Indian Standards (BIS)
Scheme-I (ISI Mark),Food & Agriculture,IS 17037: 2018,Antiriot shoes,"Transition Facilitation (Quality Control) Order, 2026[S.O. 3417 (E) Dated 25 June, 2026](https://www.bis.gov.in/wp-content/uploads/2026/06/Notification-of-Transition-Facilitation-Quality-Control-Order-2026.pdf)",MANDATORY_UNDER_QCO,Bureau of Indian Standards (BIS)
Scheme-I (ISI Mark),Food & Agriculture,IS 17043 (Part-1): 2024,Shoes for Services,"Transition Facilitation (Quality Control) Order, 2026[S.O. 3417 (E) Dated 25 June, 2026](https://www.bis.gov.in/wp-content/uploads/2026/06/Notification-of-Transition-Facilitation-Quality-Control-Order-2026.pdf)",MANDATORY_UNDER_QCO,Bureau of Indian Standards (BIS)
Scheme-I (ISI Mark),Food & Agriculture,IS 17043 (Part-2): 2024,Shoes for General Purpose,"Transition Facilitation (Quality Control) Order, 2026[S.O. 3417 (E) Dated 25 June, 2026](https://www.bis.gov.in/wp-content/uploads/2026/06/Notification-of-Transition-Facilitation-Quality-Control-Order-2026.pdf)",MANDATORY_UNDER_QCO,Bureau of Indian Standards (BIS)
Scheme-I (ISI Mark),Food & Agriculture,IS 15298 (Part 2): 2016,Personal protective equipment – Part 2 Safety Footwear,"Transition Facilitation (Quality Control) Order, 2026[S.O. 3417 (E) Dated 25 June, 2026](https://www.bis.gov.in/wp-content/uploads/2026/06/Notification-of-Transition-Facilitation-Quality-Control-Order-2026.pdf)",MANDATORY_UNDER_QCO,Bureau of Indian Standards (BIS)
Scheme-I (ISI Mark),Food & Agriculture,IS 15298 ( Part 3) : 2019,Personal protective equipment – Part 3 Protective Footwear,"Transition Facilitation (Quality Control) Order, 2026[S.O. 3417 (E) Dated 25 June, 2026](https://www.bis.gov.in/wp-content/uploads/2026/06/Notification-of-Transition-Facilitation-Quality-Control-Order-2026.pdf)",MANDATORY_UNDER_QCO,Bureau of Indian Standards (BIS)
Scheme-I (ISI Mark),Food & Agriculture,IS 15298 (Part 4) : 2017,Personal protective equipment – Part 4 Occupational Footwear,"Transition Facilitation (Quality Control) Order, 2026[S.O. 3417 (E) Dated 25 June, 2026](https://www.bis.gov.in/wp-content/uploads/2026/06/Notification-of-Transition-Facilitation-Quality-Control-Order-2026.pdf)",MANDATORY_UNDER_QCO,Bureau of Indian Standards (BIS)
Scheme-I (ISI Mark),Food & Agriculture,IS 4296 (Part 1):2016,Tools for Pressing Part 1 Round Punches with 60 Degrees Conical Head and Straight Shank,"Transition Facilitation (Quality Control) Order, 2026[S.O. 3417 (E) Dated 25 June, 2026](https://www.bis.gov.in/wp-content/uploads/2026/06/Notification-of-Transition-Facilitation-Quality-Control-Order-2026.pdf)",MANDATORY_UNDER_QCO,Bureau of Indian Standards (BIS)
Scheme-I (ISI Mark),Food & Agriculture,IS 4296 (Part 2):2016,Tools for Pressing Part 2 Punches with Cylindrical Head and Straight or Reduced Shank,"64. Press Tool- Punches (Quality Control) Order, 2020",MANDATORY_UNDER_QCO,Bureau of Indian Standards (BIS)
Scheme-I (ISI Mark),Food & Agriculture,IS 4296 (Part 3):2016,Tools for Pressing Part 3 Round Punches with 60 Degrees Conical Head and Reduced Shank,"64. Press Tool- Punches (Quality Control) Order, 2020",MANDATORY_UNDER_QCO,Bureau of Indian Standards (BIS)
Scheme-I (ISI Mark),Food & Agriculture,IS 4151: 2015,Helmet for riders of Two Wheeler Motor Vehicles,"64. Press Tool- Punches (Quality Control) Order, 2020",MANDATORY_UNDER_QCO,Bureau of Indian Standards (BIS)
Scheme-I (ISI Mark),Food & Agriculture,IS 17550 (Part 1): 2021,Household Refrigerating Appliances- Characteristics and Test Methods part-1 General Requirements,"65. Helmet for riders of Two Wheeler Motor Vehicles (Quality Control) Order, 2020",MANDATORY_UNDER_QCO,Bureau of Indian Standards (BIS)
Scheme-I (ISI Mark),Food & Agriculture,IS 7872: 2018,Freezers,"Refrigerating Appliances (Quality Control) Amendment Order, 2025",MANDATORY_UNDER_QCO,Bureau of Indian Standards (BIS)
Scheme-I (ISI Mark),Food & Agriculture,IS 1536: 2001,"Centrifugally cast (Spun) iron pressure pipes for water, gas and sewage","Refrigerating Appliances (Quality Control) Amendment Order, 2025",MANDATORY_UNDER_QCO,Bureau of Indian Standards (BIS)
Scheme-I (ISI Mark),Steel & Metallurgy,IS 3989: 2009,"Centrifugally cast (Spun) iron spigot and socket soil, waste, ventilating and rainwater pipes, fittings and accessories","67. Centrifugally Cast (Spun) Iron Pipes (Quality Control) Order, 2021",MANDATORY_UNDER_QCO,Bureau of Indian Standards (BIS)
Scheme-I (ISI Mark),Steel & Metallurgy,IS 15905: 2011,"Hubless centrifugally cast (Spun) iron pipes, fittings and accessories – Spigot series","67. Centrifugally Cast (Spun) Iron Pipes (Quality Control) Order, 2021",MANDATORY_UNDER_QCO,Bureau of Indian Standards (BIS)
Scheme-I (ISI Mark),Steel & Metallurgy,IS 15769:2008,Flux Cored (Tubular) Electrodes for Gas Shielded and Self-Shielded Metal Welding of Carbon or Carbon- Manganese Steel,"67. Centrifugally Cast (Spun) Iron Pipes (Quality Control) Order, 2021",MANDATORY_UNDER_QCO,Bureau of Indian Standards (BIS)
Scheme-I (ISI Mark),Steel & Metallurgy,IS 15449 : Part 1 : 2004,Household Zig-Zag Sewing Machine Head,"68. Flux Cored (Tubular) Electrodes (Quality Control) Order, 2021[(S.O. No. 1203 (E) 12/03/2021)](https://bis.gov.in/wp-content/uploads/2021/03/Flux-Cored-Tubular-Electrodes-Quality-Control-Order-2021.pdf)",MANDATORY_UNDER_QCO,Bureau of Indian Standards (BIS)
Scheme-I (ISI Mark),Steel & Metallurgy,IS 16240 : 2023,Reverse Osmosis Based Point of Use Water Treatment System for Drinking Purposes,"69. Sewing Machines (Quality Control) Order, 2021[(S.O. No. 1239 (E) 15.03.2021)](https://bis.gov.in/wp-content/uploads/2021/03/Household_Zig_Zag_Sewing_Machine.pdf)",MANDATORY_UNDER_QCO,Bureau of Indian Standards (BIS)
Scheme-I (ISI Mark),Steel & Metallurgy,IS 1943:1995,A- twill Jute Bag,"69. Sewing Machines (Quality Control) Order, 2021[(S.O. No. 1239 (E) 15.03.2021)](https://bis.gov.in/wp-content/uploads/2021/03/Household_Zig_Zag_Sewing_Machine.pdf)",MANDATORY_UNDER_QCO,Bureau of Indian Standards (BIS)
Scheme-I (ISI Mark),Steel & Metallurgy,IS 2566:1993,B-twill Jute bags for packing foodgrains,"71. Jute Bags (Quality Control)Order, 2022",MANDATORY_UNDER_QCO,Bureau of Indian Standards (BIS)
Scheme-I (ISI Mark),Steel & Metallurgy,IS 12650:2018,Jute bags for packing 50 Kg foodgrains,"71. Jute Bags (Quality Control)Order, 2022",MANDATORY_UNDER_QCO,Bureau of Indian Standards (BIS)
Scheme-I (ISI Mark),Steel & Metallurgy,IS 15138:2010,Jute bags for packing 50 Kg sugar,"71. Jute Bags (Quality Control)Order, 2022",MANDATORY_UNDER_QCO,Bureau of Indian Standards (BIS)
Scheme-I (ISI Mark),Steel & Metallurgy,IS 16186:2014,Light weight jute sacking bags for packing 50 Kg foodgrains,"71. Jute Bags (Quality Control)Order, 2022",MANDATORY_UNDER_QCO,Bureau of Indian Standards (BIS)
Scheme-I (ISI Mark),Steel & Metallurgy,IS 16372:2015,Jute bags for packing up to 30 Kg foodgrains,"71. Jute Bags (Quality Control)Order, 2022",MANDATORY_UNDER_QCO,Bureau of Indian Standards (BIS)
Scheme-I (ISI Mark),Steel & Metallurgy,IS 17266:2019,Viscose Staple Fibres,"71. Jute Bags (Quality Control)Order, 2022",MANDATORY_UNDER_QCO,Bureau of Indian Standards (BIS)
Scheme-I (ISI Mark),Steel & Metallurgy,IS 15351 : 2015,Laminated High Density Polyethylene (HDPE) Woven Geomembrane for Water Proof Lining,"Rescind Viscose Staple Fibres (Quality Control) Order, 2022",MANDATORY_UNDER_QCO,Bureau of Indian Standards (BIS)
Scheme-I (ISI Mark),Steel & Metallurgy,IS 15909 : 2020,Poly Vinyl Chloride (PVC) Geomembranes,"Ministry of Textiles Order, 2023",MANDATORY_UNDER_QCO,Bureau of Indian Standards (BIS)
Scheme-I (ISI Mark),Steel & Metallurgy,IS 16653 : 2017,Needle punched non-woven geobags,"Ministry of Textiles Order, 2023",MANDATORY_UNDER_QCO,Bureau of Indian Standards (BIS)
Scheme-I (ISI Mark),Steel & Metallurgy,IS 16654: 2017,Polypropylene Multifilament woven geobags,"Ministry of Textiles Order, 2023",MANDATORY_UNDER_QCO,Bureau of Indian Standards (BIS)
Scheme-I (ISI Mark),Steel & Metallurgy,IS 14715 (Part 1): 2016,Jute Geotextiles,"Ministry of Textiles Order, 2023",MANDATORY_UNDER_QCO,Bureau of Indian Standards (BIS)
Scheme-I (ISI Mark),Steel & Metallurgy,IS 14715 (Part 2): 2016,Jute Geotextiles,"Ministry of Textiles Order, 2023",MANDATORY_UNDER_QCO,Bureau of Indian Standards (BIS)
Scheme-I (ISI Mark),Steel & Metallurgy,IS 15869 : 2020,Open Weave Coir Bhoovastra,"Ministry of Textiles Order, 2023",MANDATORY_UNDER_QCO,Bureau of Indian Standards (BIS)
Scheme-I (ISI Mark),Steel & Metallurgy,IS 16391 : 2015,Geotextiles used in sub-grade separation in pavement structures,"Ministry of Textiles Order, 2023",MANDATORY_UNDER_QCO,Bureau of Indian Standards (BIS)
Scheme-I (ISI Mark),Steel & Metallurgy,IS 16393 : 2015,Geotextiles used in Subsurface Drainage Application,"Ministry of Textiles Order, 2023",MANDATORY_UNDER_QCO,Bureau of Indian Standards (BIS)
Scheme-I (ISI Mark),Steel & Metallurgy,IS 16362 : 2020,Geotextiles used in Sub-grade Stabilisation in pavement structures,"Ministry of Textiles Order, 2023",MANDATORY_UNDER_QCO,Bureau of Indian Standards (BIS)
Scheme-I (ISI Mark),Steel & Metallurgy,IS 16352 : 2020,High Density Polyethylene (HDPE) Geomembranes for lining,"Ministry of Textiles Order, 2023",MANDATORY_UNDER_QCO,Bureau of Indian Standards (BIS)
Scheme-I (ISI Mark),Steel & Metallurgy,IS 16090:2013,Geotextiles used as protection (or cushioning) materials,"Ministry of Textiles Order, 2023",MANDATORY_UNDER_QCO,Bureau of Indian Standards (BIS)
Scheme-I (ISI Mark),Steel & Metallurgy,IS 16392:2015,Geotextiles for permanent erosion control in hard armor systems,"Ministry of Textiles Order, 2023",MANDATORY_UNDER_QCO,Bureau of Indian Standards (BIS)
Scheme-I (ISI Mark),Steel & Metallurgy,IS 17371:2020,Geogrids for flexible pavements,"Ministry of Textiles Order, 2023",MANDATORY_UNDER_QCO,Bureau of Indian Standards (BIS)
Scheme-I (ISI Mark),Steel & Metallurgy,IS 17372:2020,Polymeric strip or geostrip used as soil reinforcement in retaining structures,"Ministry of Textiles Order, 2023",MANDATORY_UNDER_QCO,Bureau of Indian Standards (BIS)
Scheme-I (ISI Mark),Steel & Metallurgy,IS 17373:2020,Geogrids used in reinforced soil retaining structures,"Ministry of Textiles Order, 2023",MANDATORY_UNDER_QCO,Bureau of Indian Standards (BIS)
Scheme-I (ISI Mark),Steel & Metallurgy,IS 17374:2020,Reinforced HDPE membrane for effluents and chemical resistance lining,"Ministry of Textiles Order, 2023",MANDATORY_UNDER_QCO,Bureau of Indian Standards (BIS)
Scheme-I (ISI Mark),Steel & Metallurgy,IS 17483 (Part 1): 2020,Geocells,"Ministry of Textiles Order, 2023",MANDATORY_UNDER_QCO,Bureau of Indian Standards (BIS)
Scheme-I (ISI Mark),Steel & Metallurgy,IS 17483 (Part 2): 2020,Geocells,"Ministry of Textiles Order, 2023",MANDATORY_UNDER_QCO,Bureau of Indian Standards (BIS)
Scheme-I (ISI Mark),Steel & Metallurgy,IS 17880 :2022,Geosynthetics — Synthetic Polymer RopeGabions for Coastal and Waterways Protection — Specification,"Ministry of Textiles Order, 2023",MANDATORY_UNDER_QCO,Bureau of Indian Standards (BIS)
Scheme-I (ISI Mark),Steel & Metallurgy,IS 15741 : 2007,Curtains and Drapes,"73. Geotextiles (Quality Control) Order, 2024[S.O. 4332(E), dated 03rd October 2024](https://bis.gov.in/wp-content/uploads/2024/10/Geotextiles-QCO-2024-1.pdf)",MANDATORY_UNDER_QCO,Bureau of Indian Standards (BIS)
Scheme-I (ISI Mark),Steel & Metallurgy,IS 16890 : 2018,Protective clothing for firefighters,"Protective Textiles (Quality Control) Amendment Order, 2024",MANDATORY_UNDER_QCO,Bureau of Indian Standards (BIS)
Scheme-I (ISI Mark),Steel & Metallurgy,IS 16874 : 2018,Protective gloves for firefighters,"Protective Textiles (Quality Control) Amendment Order, 2024",MANDATORY_UNDER_QCO,Bureau of Indian Standards (BIS)
Scheme-I (ISI Mark),Steel & Metallurgy,IS 15748 : 2022,Protective clothing for industrial workers exposed to heat,"Protective Textiles (Quality Control) Amendment Order, 2024",MANDATORY_UNDER_QCO,Bureau of Indian Standards (BIS)
Scheme-I (ISI Mark),Steel & Metallurgy,IS 15742 : 2007,Clothing made of limited flame spread materials and material assemblies affording protection against heat and flame,"Protective Textiles (Quality Control) Amendment Order, 2024",MANDATORY_UNDER_QCO,Bureau of Indian Standards (BIS)
Scheme-I (ISI Mark),Steel & Metallurgy,IS 15809 : 2017,High visibility Warning Clothes,"Protective Textiles (Quality Control) Amendment Order, 2024",MANDATORY_UNDER_QCO,Bureau of Indian Standards (BIS)
Scheme-I (ISI Mark),Steel & Metallurgy,IS 16655 : 2017,Protective Clothing for use in welding and allied processes,"Protective Textiles (Quality Control) Amendment Order, 2024",MANDATORY_UNDER_QCO,Bureau of Indian Standards (BIS)
Scheme-I (ISI Mark),Steel & Metallurgy,IS 16725 : 2018,Tactical 3 point sling,"Protective Textiles (Quality Control) Amendment Order, 2024",MANDATORY_UNDER_QCO,Bureau of Indian Standards (BIS)
Scheme-I (ISI Mark),Steel & Metallurgy,IS 16726 : 2018,Pouch for ammunition and grenades made of disruptive pattern nylon-66,"Protective Textiles (Quality Control) Amendment Order, 2024",MANDATORY_UNDER_QCO,Bureau of Indian Standards (BIS)
Scheme-I (ISI Mark),Steel & Metallurgy,IS 17051 : 2018,Bullet resistant jackets,"Protective Textiles (Quality Control) Amendment Order, 2024",MANDATORY_UNDER_QCO,Bureau of Indian Standards (BIS)
Scheme-I (ISI Mark),Steel & Metallurgy,IS 17286 : 2019,Water-proof multipurpose rain poncho,"Protective Textiles (Quality Control) Amendment Order, 2024",MANDATORY_UNDER_QCO,Bureau of Indian Standards (BIS)
Scheme-I (ISI Mark),Steel & Metallurgy,IS 15768 : 2008,Upholstered composites used for non-domestic furniture,"Protective Textiles (Quality Control) Amendment Order, 2024",MANDATORY_UNDER_QCO,Bureau of Indian Standards (BIS)
Scheme-I (ISI Mark),Steel & Metallurgy,IS 17803: 2022,"Potable Water Bottles (Copper, Stainless Steel, Aluminum)","Flame- Producing Lighters (Quality Control) Amendment Order, 2024",MANDATORY_UNDER_QCO,Bureau of Indian Standards (BIS)
Scheme-I (ISI Mark),Steel & Metallurgy,IS 814 : 2004,Covered electrodes for manual metal arc welding of carbon and carbon manganese steel,"Potable Water Bottles (Quality Control) Amendment Order, 2024",MANDATORY_UNDER_QCO,Bureau of Indian Standards (BIS)
Scheme-I (ISI Mark),Steel & Metallurgy,IS 6419 : 1996,Welding rode and bare electrodes for gas shielded arc welding of structural steel,"78. Welding Rods and Electrodes (Quality Control) Order, 2023",MANDATORY_UNDER_QCO,Bureau of Indian Standards (BIS)
Scheme-I (ISI Mark),Steel & Metallurgy,IS 16444 Part 1,A.C. Static Direct Connected Watt Hour Smart Meter Class 1 and 2,"78. Welding Rods and Electrodes (Quality Control) Order, 2023",MANDATORY_UNDER_QCO,Bureau of Indian Standards (BIS)
Scheme-I (ISI Mark),Steel & Metallurgy,IS 16444 Part 2,"A.C. Static Transformer Operated Watt Hour and Var-Hour Smart Meters, Class 0.2S, 0.5S and 1.0S","79 . Smart Meters (Quality Control) Order, 2023",MANDATORY_UNDER_QCO,Bureau of Indian Standards (BIS)
Scheme-I (ISI Mark),Steel & Metallurgy,IS 17790 : 2022,Insulated Flask for Domestic Use,"79 . Smart Meters (Quality Control) Order, 2023",MANDATORY_UNDER_QCO,Bureau of Indian Standards (BIS)
Scheme-I (ISI Mark),Steel & Metallurgy,IS 17526 : 2021,Domestic Stainless steel vacuum flask/bottle,"Insulated Flask, Bottles and Containers for Domestic Use (Quality Control) Amendment Order, 2024",MANDATORY_UNDER_QCO,Bureau of Indian Standards (BIS)
Scheme-I (ISI Mark),Steel & Metallurgy,IS 17569: 2021,Insulated Container for Food Storage,"Insulated Flask, Bottles and Containers for Domestic Use (Quality Control) Amendment Order, 2024",MANDATORY_UNDER_QCO,Bureau of Indian Standards (BIS)
Scheme-I (ISI Mark),Food & Agriculture,IS 3513 (Part 1) : 1989,Resin treated compressed wood laminates (compregs) – For electrical purposes,"Insulated Flask, Bottles and Containers for Domestic Use (Quality Control) Amendment Order, 2024",MANDATORY_UNDER_QCO,Bureau of Indian Standards (BIS)
Scheme-I (ISI Mark),Food & Agriculture,IS 3513 (Part 2) : 1989,Resin treated compressed wood laminates (compregs) – For chemical purposes,"Resin Treated Compressed Wood Laminates (Quality Control) Order, 2024",MANDATORY_UNDER_QCO,Bureau of Indian Standards (BIS)
Scheme-I (ISI Mark),Food & Agriculture,IS 3513 (Part 3) : 1989,Resin treated compressed wood laminates (compregs) – For general purposes,"Resin Treated Compressed Wood Laminates (Quality Control) Order, 2024",MANDATORY_UNDER_QCO,Bureau of Indian Standards (BIS)
Scheme-I (ISI Mark),Food & Agriculture,IS 1363 (Part 1) :2019,"Hexagon Head Bolts, Screws and Nuts of product Grade C Hexagon Head Bolts (Size Range M 5 to M 64)","Resin Treated Compressed Wood Laminates (Quality Control) Order, 2024",MANDATORY_UNDER_QCO,Bureau of Indian Standards (BIS)
Scheme-I (ISI Mark),Food & Agriculture,IS 1363 (Part 2) :2018,Hexagon Head Screw (Size ranges from M 5 to 64),"Bolts, Nuts and Fasteners (Quality Control) Order, 2024",MANDATORY_UNDER_QCO,Bureau of Indian Standards (BIS)
Scheme-I (ISI Mark),Food & Agriculture,IS 1363 (Part 3) :2018,"Hexagon Head Bolts, Screws and Nuts of product Grade C – Hexagon Nuts (Size Range M5 to M64)","Bolts, Nuts and Fasteners (Quality Control) Order, 2024",MANDATORY_UNDER_QCO,Bureau of Indian Standards (BIS)
Scheme-I (ISI Mark),Food & Agriculture,IS 1364 (Part 1) :2018,"Hexagon Head Bolts, Screws and Nuts of product Grades A and B – Hexagon Head Bolts (Size Range M 1.6 To M 64)","Bolts, Nuts and Fasteners (Quality Control) Order, 2024",MANDATORY_UNDER_QCO,Bureau of Indian Standards (BIS)
Scheme-I (ISI Mark),Food & Agriculture,IS 1364 (Part 2) :2018,"Hexagon Head Bolts, Screws and Nuts of Product Grades A and B – Hexagon Head Screws (Size Range M 1.6 to M 64)","Bolts, Nuts and Fasteners (Quality Control) Order, 2024",MANDATORY_UNDER_QCO,Bureau of Indian Standards (BIS)
Scheme-I (ISI Mark),Food & Agriculture,IS 4621:1975,Indicating Bolts for use in public baths and lavatories,"Bolts, Nuts and Fasteners (Quality Control) Order, 2024",MANDATORY_UNDER_QCO,Bureau of Indian Standards (BIS)
Scheme-I (ISI Mark),Food & Agriculture,IS 5187: 1972,Flush Bolts,"Bolts, Nuts and Fasteners (Quality Control) Order, 2024",MANDATORY_UNDER_QCO,Bureau of Indian Standards (BIS)
Scheme-I (ISI Mark),Food & Agriculture,IS 10238:2001,Fasteners – Threaded Steel Fastener – Step Bolts for Steel Structures,"Bolts, Nuts and Fasteners (Quality Control) Order, 2024",MANDATORY_UNDER_QCO,Bureau of Indian Standards (BIS)
Scheme-I (ISI Mark),Steel & Metallurgy,IS 12427 : 2001,Fasteners – Threaded Steel Fasteners – Hexagon Head Transmission Tower Bolts,"Bolts, Nuts and Fasteners (Quality Control) Order, 2024",MANDATORY_UNDER_QCO,Bureau of Indian Standards (BIS)
Scheme-I (ISI Mark),Steel & Metallurgy,IS 3757 : 1985,High Strength Structural Bolts,"Bolts, Nuts and Fasteners (Quality Control) Order, 2024",MANDATORY_UNDER_QCO,Bureau of Indian Standards (BIS)
Scheme-I (ISI Mark),Steel & Metallurgy,IS 204 (Part 2): 1992,Tower Bolts- Non-ferrous metal,"Bolts, Nuts and Fasteners (Quality Control) Order, 2024",MANDATORY_UNDER_QCO,Bureau of Indian Standards (BIS)
Scheme-I (ISI Mark),Steel & Metallurgy,IS 204 (Part 1): 1991,Tower Bolts- Ferrous metals,"Bolts, Nuts and Fasteners (Quality Control) Order, 2024",MANDATORY_UNDER_QCO,Bureau of Indian Standards (BIS)
Scheme-I (ISI Mark),Steel & Metallurgy,IS 15834 : 2022,Stainless Steel Sliding Door Bolts (Aldrops) for use With Padlocks,"Bolts, Nuts and Fasteners (Quality Control) Order, 2024",MANDATORY_UNDER_QCO,Bureau of Indian Standards (BIS)
Scheme-I (ISI Mark),Steel & Metallurgy,IS 2681 : 1993,Non-ferrous metal sliding door bolts (aldrops) for use with padlocks,"Bolts, Nuts and Fasteners (Quality Control) Order, 2024",MANDATORY_UNDER_QCO,Bureau of Indian Standards (BIS)
Scheme-I (ISI Mark),Steel & Metallurgy,IS 281 : 2009,Mild steel sliding door bolts for use with padlocks,"Bolts, Nuts and Fasteners (Quality Control) Order, 2024",MANDATORY_UNDER_QCO,Bureau of Indian Standards (BIS)
Scheme-I (ISI Mark),Steel & Metallurgy,IS 7534: 1985,Sliding locking bolts for use with padlocks,"Bolts, Nuts and Fasteners (Quality Control) Order, 2024",MANDATORY_UNDER_QCO,Bureau of Indian Standards (BIS)
Scheme-I (ISI Mark),Steel & Metallurgy,IS 1284 : 1975,Wrought Aluminium Alloy Bolt and Screw Stock for General Engineering purposes,"Bolts, Nuts and Fasteners (Quality Control) Order, 2024",MANDATORY_UNDER_QCO,Bureau of Indian Standards (BIS)
Scheme-I (ISI Mark),Steel & Metallurgy,IS 15833 : 2009,Stainless steel Tower Bolts,"Bolts, Nuts and Fasteners (Quality Control) Order, 2024",MANDATORY_UNDER_QCO,Bureau of Indian Standards (BIS)
Scheme-I (ISI Mark),Steel & Metallurgy,IS 6623 : 2004,High Strength Structural Nuts,"Bolts, Nuts and Fasteners (Quality Control) Order, 2024",MANDATORY_UNDER_QCO,Bureau of Indian Standards (BIS)
Scheme-I (ISI Mark),Steel & Metallurgy,IS 14756 : 2022,Stainless Steel Cookware,"Bolts, Nuts and Fasteners (Quality Control) Order, 2024",MANDATORY_UNDER_QCO,Bureau of Indian Standards (BIS)
Scheme-I (ISI Mark),Food & Agriculture,IS 1660:2024,Wrought Aluminium Utensils,"Cookware, Utensils and Cans for Foods and Beverages (Quality Control) Order, 2026",MANDATORY_UNDER_QCO,Bureau of Indian Standards (BIS)
Scheme-I (ISI Mark),Food & Agriculture,IS 13983:1994,Stainless Steel Sinks for Domestic Purposes,"Cookware, Utensils and Cans for Foods and Beverages (Quality Control) Order, 2026",MANDATORY_UNDER_QCO,Bureau of Indian Standards (BIS)
Scheme-I (ISI Mark),Steel & Metallurgy,IS 18427:2024,Three piece round open top metal cans for foods and beverages,"Cookware, Utensils and Cans for Foods and Beverages (Quality Control) Order, 2026",MANDATORY_UNDER_QCO,Bureau of Indian Standards (BIS)
Scheme-I (ISI Mark),Steel & Metallurgy,IS 14407:2023,Aluminium cans for beverages,"Cookware, Utensils and Cans for Foods and Beverages (Quality Control) Order, 2026",MANDATORY_UNDER_QCO,Bureau of Indian Standards (BIS)
Scheme-I (ISI Mark),Steel & Metallurgy,IS 17153:2019,Domestic Gas Stoves for use with Piped Natural Gas (PNG),"Cookware, Utensils and Cans for Foods and Beverages (Quality Control) Order, 2026",MANDATORY_UNDER_QCO,Bureau of Indian Standards (BIS)
Scheme-I (ISI Mark),Steel & Metallurgy,IS 15683 : 2018,Portable Fire Extinguishers,"84. Domestic Gas Stoves for use with Piped Natural Gas (Quality Control) Order, 2023",MANDATORY_UNDER_QCO,Bureau of Indian Standards (BIS)
Scheme-I (ISI Mark),Steel & Metallurgy,IS 16018:2012,Wheeled Fire Extinguishers,"85. Fire Extinguishers (Quality Control) Order, 2023",MANDATORY_UNDER_QCO,Bureau of Indian Standards (BIS)
Scheme-I (ISI Mark),Steel & Metallurgy,IS 374:2019,Electric Ceiling Type Fans,"85. Fire Extinguishers (Quality Control) Order, 2023",MANDATORY_UNDER_QCO,Bureau of Indian Standards (BIS)
Scheme-I (ISI Mark),Steel & Metallurgy,IS 1659:2004,Block Boards,"86. Electric Ceiling Type Fans (Quality Control) Order, 2023",MANDATORY_UNDER_QCO,Bureau of Indian Standards (BIS)
Scheme-I (ISI Mark),Steel & Metallurgy,IS 12823:2015,Prelaminated particle boards from wood and other Lignocellulosic material,"Wood Based Products (Quality Control) Order, 2024",MANDATORY_UNDER_QCO,Bureau of Indian Standards (BIS)
Scheme-I (ISI Mark),Steel & Metallurgy,IS 3087:2005,Particle boards of wood and other lignocellulosic materials (medium density) for general purpose,"Wood Based Products (Quality Control) Order, 2024",MANDATORY_UNDER_QCO,Bureau of Indian Standards (BIS)
Scheme-I (ISI Mark),Steel & Metallurgy,IS 12406:2021,Medium density fibre boards for general purpose,"Wood Based Products (Quality Control) Order, 2024",MANDATORY_UNDER_QCO,Bureau of Indian Standards (BIS)
Scheme-I (ISI Mark),Steel & Metallurgy,IS 3097:2006,Veneered particle boards,"Wood Based Products (Quality Control) Order, 2024",MANDATORY_UNDER_QCO,Bureau of Indian Standards (BIS)
Scheme-I (ISI Mark),Steel & Metallurgy,IS 1726:1991,Cast iron man hole covers and frames,"Wood Based Products (Quality Control) Order, 2024",MANDATORY_UNDER_QCO,Bureau of Indian Standards (BIS)
Scheme-I (ISI Mark),Steel & Metallurgy,IS 1729:2002,Cast iron/ductile iron drainage pipes and pipe fittings for over ground non-pressure pipelines socket and spigot series,"Cast Iron Products (Quality Control) Order, 2024",MANDATORY_UNDER_QCO,Bureau of Indian Standards (BIS)
Scheme-I (ISI Mark),Steel & Metallurgy,IS 1879:2010,Malleable cast iron pipe fittings,"Cast Iron Products (Quality Control) Order, 2024",MANDATORY_UNDER_QCO,Bureau of Indian Standards (BIS)
Scheme-I (ISI Mark),Steel & Metallurgy,IS 13349:1992,Cast iron single faced thimble mounted sluice gates,"Cast Iron Products (Quality Control) Order, 2024",MANDATORY_UNDER_QCO,Bureau of Indian Standards (BIS)
Scheme-I (ISI Mark),Steel & Metallurgy,IS 210:2009,Grey iron castings,"Cast Iron Products (Quality Control) Order, 2024",MANDATORY_UNDER_QCO,Bureau of Indian Standards (BIS)
Scheme-I (ISI Mark),Steel & Metallurgy,IS 1537:1976,"Vertically cast – iron pressure pipes for water, gas and sewage","Cast Iron Products (Quality Control) Order, 2024",MANDATORY_UNDER_QCO,Bureau of Indian Standards (BIS)
Scheme-I (ISI Mark),Steel & Metallurgy,IS 17293:2020,Electric Cable for Photovoltic Systems for rated voltage 1500V DC,"Cast Iron Products (Quality Control) Order, 2024",MANDATORY_UNDER_QCO,Bureau of Indian Standards (BIS)
Scheme-I (ISI Mark),Steel & Metallurgy,IS 17505(Part 1): 2021,"Thermosetting Insulated, Fire Survival Cables for working voltage upto and including 1100V AC and 1500V DC","89. Solar DC Cable and Fire Survival Cable (Quality Control) Order, 2023",MANDATORY_UNDER_QCO,Bureau of Indian Standards (BIS)
Scheme-I (ISI Mark),Steel & Metallurgy,IS 617:1994,Cast aluminium and its alloys – Ingots and castings for general engineering purposes,"89. Solar DC Cable and Fire Survival Cable (Quality Control) Order, 2023",MANDATORY_UNDER_QCO,Bureau of Indian Standards (BIS)
Scheme-I (ISI Mark),Steel & Metallurgy,IS 11890 : 1987,High purity primary aluminum ingot for remelting for special applications,"Withdrawal of Aluminium and Aluminium Alloys (Quality Control) Order, 2023",MANDATORY_UNDER_QCO,Bureau of Indian Standards (BIS)
Scheme-I (ISI Mark),Steel & Metallurgy,IS 6754:1972,Aluminum alloy ingots for remelting for general engineering purpose,"Withdrawal of Aluminium and Aluminium Alloys (Quality Control) Order, 2023",MANDATORY_UNDER_QCO,Bureau of Indian Standards (BIS)
Scheme-I (ISI Mark),Steel & Metallurgy,IS 2590 : 1987,Primary aluminium ingots for remelting for general engineering purpose,"Withdrawal of Aluminium and Aluminium Alloys (Quality Control) Order, 2023",MANDATORY_UNDER_QCO,Bureau of Indian Standards (BIS)
Scheme-I (ISI Mark),Steel & Metallurgy,IS 4026 : 2023,Aluminum ingots billets and wire bars (EC GRADE),"Withdrawal of Aluminium and Aluminium Alloys (Quality Control) Order, 2023",MANDATORY_UNDER_QCO,Bureau of Indian Standards (BIS)
Scheme-I (ISI Mark),Steel & Metallurgy,IS 191:2007,Copper,"Withdrawal of Aluminium and Aluminium Alloys (Quality Control) Order, 2023",MANDATORY_UNDER_QCO,Bureau of Indian Standards (BIS)
Scheme-I (ISI Mark),Steel & Metallurgy,IS 7506:1987,Nickel Powder,"Withdrawal of Copper (Quality Control) Order, 2023",MANDATORY_UNDER_QCO,Bureau of Indian Standards (BIS)
Scheme-I (ISI Mark),Steel & Metallurgy,IS 303 : 1989,Plywood for general purposes,"Withdrawal of Nickel (Quality Control) Order, 2023",MANDATORY_UNDER_QCO,Bureau of Indian Standards (BIS)
Scheme-I (ISI Mark),Steel & Metallurgy,IS 2202 (Part 1) : 1999,Wooden flush door shutters (solid core type) – Plywood face panels,"Plywood and Wooden flush door shutters (Quality Control) Order, 2024",MANDATORY_UNDER_QCO,Bureau of Indian Standards (BIS)
Scheme-I (ISI Mark),Steel & Metallurgy,IS 710 : 2010,Marine plywood,"Plywood and Wooden flush door shutters (Quality Control) Order, 2024",MANDATORY_UNDER_QCO,Bureau of Indian Standards (BIS)
Scheme-I (ISI Mark),Steel & Metallurgy,IS 5509 : 2021,Fire retardant plywood,"Plywood and Wooden flush door shutters (Quality Control) Order, 2024",MANDATORY_UNDER_QCO,Bureau of Indian Standards (BIS)
Scheme-I (ISI Mark),Steel & Metallurgy,IS 1328 : 1996,Veneered decorative plywood,"Plywood and Wooden flush door shutters (Quality Control) Order, 2024",MANDATORY_UNDER_QCO,Bureau of Indian Standards (BIS)
Scheme-I (ISI Mark),Steel & Metallurgy,IS 2191 (Part 2): 2022,Wooden flush door shutters (cellular and hollow core type) – Particle board and hardboard face panels,"Plywood and Wooden flush door shutters (Quality Control) Order, 2024",MANDATORY_UNDER_QCO,Bureau of Indian Standards (BIS)
Scheme-I (ISI Mark),Steel & Metallurgy,IS 2191 (Part 1): 2022,Wooden flush door shutters (cellular and hollow core type) – Plywood face panels,"Plywood and Wooden flush door shutters (Quality Control) Order, 2024",MANDATORY_UNDER_QCO,Bureau of Indian Standards (BIS)
Scheme-I (ISI Mark),Steel & Metallurgy,IS 2202 (Part 2): 2022,"Wooden Flush Door Shutters (Solid core type) – Particle board, High Density Fibre Board, Medium Density Fibre Board and Fibre Hardboard Face Panels","Plywood and Wooden flush door shutters (Quality Control) Order, 2024",MANDATORY_UNDER_QCO,Bureau of Indian Standards (BIS)
Scheme-I (ISI Mark),Steel & Metallurgy,IS 4990 : 2011,Plywood for concrete shuttering works – Specification,"Plywood and Wooden flush door shutters (Quality Control) Order, 2024",MANDATORY_UNDER_QCO,Bureau of Indian Standards (BIS)
Scheme-I (ISI Mark),Steel & Metallurgy,IS 10701 : 2012,Structural plywood – Specification,"Plywood and Wooden flush door shutters (Quality Control) Order, 2024",MANDATORY_UNDER_QCO,Bureau of Indian Standards (BIS)
Scheme-I (ISI Mark),Steel & Metallurgy,IS 1921: 2005,Flux Cored Solder Wire,"Plywood and Wooden flush door shutters (Quality Control) Order, 2024",MANDATORY_UNDER_QCO,Bureau of Indian Standards (BIS)
Scheme-I (ISI Mark),Steel & Metallurgy,IS 15155 : 2020,Bar or wire Wrapped Steel Cylinder Pipes with Mortar Lining and Coating Including Specials,"Rescind Flux Cored Solder Wire (Quality Control) Order, 2023",MANDATORY_UNDER_QCO,Bureau of Indian Standards (BIS)
Scheme-I (ISI Mark),Steel & Metallurgy,IS 16651 : 2017,High Strength deformed stainless steel bars and wires for concrete reinforcement,"91. Miscellaneous Steel Products (Quality Control) Order, 2023",MANDATORY_UNDER_QCO,Bureau of Indian Standards (BIS)
Scheme-I (ISI Mark),Steel & Metallurgy,IS 6392 : 2020,Steel Pipe Flanges,"91. Miscellaneous Steel Products (Quality Control) Order, 2023",MANDATORY_UNDER_QCO,Bureau of Indian Standards (BIS)
Scheme-I (ISI Mark),Steel & Metallurgy,IS 6913 : 1973,Stainless steel tubes for the food and beverage industry,"91. Miscellaneous Steel Products (Quality Control) Order, 2023",MANDATORY_UNDER_QCO,Bureau of Indian Standards (BIS)
Scheme-I (ISI Mark),Steel & Metallurgy,IS 7092 (Part 1):1992,Aluminium alloy tubes for irrigation purposes -welded tubes,"91. Miscellaneous Steel Products (Quality Control) Order, 2023",MANDATORY_UNDER_QCO,Bureau of Indian Standards (BIS)
Scheme-I (ISI Mark),Steel & Metallurgy,IS 7092 (Part 2):1987,Aluminium alloy tube for irrigation purposes – extruded tube,"Aluminium and Aluminium Alloy Products (Quality Control) Order, 2026",MANDATORY_UNDER_QCO,Bureau of Indian Standards (BIS)
Scheme-I (ISI Mark),Steel & Metallurgy,IS 5484:1997,EC Grade Aluminium Rod produced by Continuous Casting and Rolling,"Aluminium and Aluminium Alloy Products (Quality Control) Order, 2026",MANDATORY_UNDER_QCO,Bureau of Indian Standards (BIS)
Scheme-I (ISI Mark),Steel & Metallurgy,IS 733:1983,"Wrought aluminium and aluminium alloy bars, rods and sections (For General Engineering Purposes)","Aluminium and Aluminium Alloy Products (Quality Control) Order, 2026",MANDATORY_UNDER_QCO,Bureau of Indian Standards (BIS)
Scheme-I (ISI Mark),Steel & Metallurgy,IS 734:1975,"Wrought aluminium and aluminium alloys, forging stock and forgings for general engineering purposes","Aluminium and Aluminium Alloy Products (Quality Control) Order, 2026",MANDATORY_UNDER_QCO,Bureau of Indian Standards (BIS)
Scheme-I (ISI Mark),Steel & Metallurgy,IS 736:1986,Wrought aluminium and aluminium alloy plate for general engineering purposes,"Aluminium and Aluminium Alloy Products (Quality Control) Order, 2026",MANDATORY_UNDER_QCO,Bureau of Indian Standards (BIS)
Scheme-I (ISI Mark),Steel & Metallurgy,IS 737:2008,Wrought aluminium and aluminium alloy sheet and strip for general engineering purposes,"Aluminium and Aluminium Alloy Products (Quality Control) Order, 2026",MANDATORY_UNDER_QCO,Bureau of Indian Standards (BIS)
Scheme-I (ISI Mark),Steel & Metallurgy,IS 739:1992,Wrought aluminium and aluminium alloy wire for general engineering purposes,"Aluminium and Aluminium Alloy Products (Quality Control) Order, 2026",MANDATORY_UNDER_QCO,Bureau of Indian Standards (BIS)
Scheme-I (ISI Mark),Steel & Metallurgy,IS 740:1977,Wrought aluminium and aluminium alloy rivet stock for general engineering purposes,"Aluminium and Aluminium Alloy Products (Quality Control) Order, 2026",MANDATORY_UNDER_QCO,Bureau of Indian Standards (BIS)
Scheme-I (ISI Mark),Steel & Metallurgy,IS 5082:1998,"Wrought aluminium and aluminium alloy bars, rods, tubes, sections, plates and sheets for electrical applications","Aluminium and Aluminium Alloy Products (Quality Control) Order, 2026",MANDATORY_UNDER_QCO,Bureau of Indian Standards (BIS)
Scheme-I (ISI Mark),Steel & Metallurgy,IS 16011:2012,Aluminium and aluminium alloy foil for pharmaceutical packaging,"Aluminium and Aluminium Alloy Products (Quality Control) Order, 2026",MANDATORY_UNDER_QCO,Bureau of Indian Standards (BIS)
Scheme-I (ISI Mark),Steel & Metallurgy,IS 17682:2021,Aluminium composite panel,"Aluminium and Aluminium Alloy Products (Quality Control) Order, 2026",MANDATORY_UNDER_QCO,Bureau of Indian Standards (BIS)
Scheme-I (ISI Mark),Steel & Metallurgy,IS 1285:2002,Wrought aluminium and aluminium alloys- Extruded round tube and hollow sections for general engineering purposes,"Aluminium and Aluminium Alloy Products (Quality Control) Order, 2026",MANDATORY_UNDER_QCO,Bureau of Indian Standards (BIS)
Scheme-I (ISI Mark),Steel & Metallurgy,IS 2067:1975,Wrought Aluminium Wire for Electrical Purposes,"Aluminium and Aluminium Alloy Products (Quality Control) Order, 2026",MANDATORY_UNDER_QCO,Bureau of Indian Standards (BIS)
Scheme-I (ISI Mark),Steel & Metallurgy,IS 21:1992,Wrought aluminium and aluminium alloys for manufacture of utensils,"Aluminium and Aluminium Alloy Products (Quality Control) Order, 2026",MANDATORY_UNDER_QCO,Bureau of Indian Standards (BIS)
Scheme-I (ISI Mark),Steel & Metallurgy,IS 1254:2007,Corrugated Aluminium Sheet,"Aluminium and Aluminium Alloy Products (Quality Control) Order, 2026",MANDATORY_UNDER_QCO,Bureau of Indian Standards (BIS)
Scheme-I (ISI Mark),Steel & Metallurgy,IS 7902:2001,Aluminium alloy forging stock and forgings (Alloy 24345) for aerospace applications,"Aluminium and Aluminium Alloy Products (Quality Control) Order, 2026",MANDATORY_UNDER_QCO,Bureau of Indian Standards (BIS)
Scheme-I (ISI Mark),Steel & Metallurgy,IS 2403 :2014 / ISO 606 : 2004,"Short – Pitch Transmission Precision Roller and Bush Chains, Attachments and Associated Chain Sprockets","Aluminium and Aluminium Alloy Products (Quality Control) Order, 2026",MANDATORY_UNDER_QCO,Bureau of Indian Standards (BIS)
Scheme-I (ISI Mark),Steel & Metallurgy,IS 1475 (Part 1) : 2001,Self- Contained Drinking Water Coolers – Energy Consumption and Performance,"Precision Roller and Bush Chains, attachments and associated Chains sprockets (Quality Control) Order, 2024",MANDATORY_UNDER_QCO,Bureau of Indian Standards (BIS)
Scheme-I (ISI Mark),Steel & Metallurgy,IS 5405 : 2019,Sanitary napkins,"Self-Contained Drinking Water Cooler (Quality Control) Order, 2024",MANDATORY_UNDER_QCO,Bureau of Indian Standards (BIS)
Scheme-I (ISI Mark),Steel & Metallurgy,IS 17509 : 2021,Disposable baby diaper,"Medical Textiles (Quality Control) Second Amendment Order, 2025",MANDATORY_UNDER_QCO,Bureau of Indian Standards (BIS)
Scheme-I (ISI Mark),Steel & Metallurgy,IS 17514 : 2021,Reusable Sanitary pad/ Sanitary Napkin/ Period Panties,"Medical Textiles (Quality Control) Second Amendment Order, 2025",MANDATORY_UNDER_QCO,Bureau of Indian Standards (BIS)
Scheme-I (ISI Mark),Steel & Metallurgy,IS 17349 : 2020,Shoe covers,"Medical Textiles (Quality Control) Second Amendment Order, 2025",MANDATORY_UNDER_QCO,Bureau of Indian Standards (BIS)
Scheme-I (ISI Mark),Steel & Metallurgy,IS 17354 : 2020,Dental Bib or Napkins,"Medical Textiles (Quality Control) Second Amendment Order, 2025",MANDATORY_UNDER_QCO,Bureau of Indian Standards (BIS)
Scheme-I (ISI Mark),Steel & Metallurgy,IS 17630 : 2021,Bed sheet and Pillow Cover,"Medical Textiles (Quality Control) Second Amendment Order, 2025",MANDATORY_UNDER_QCO,Bureau of Indian Standards (BIS)
Scheme-I (ISI Mark),Steel & Metallurgy,IS 16718 : 2021,Polypropylene Spun Bonded Non—Woven Crop Cover and Fruit Skirting Bags for Agriculture and Horticulture Applications,"Medical Textiles (Quality Control) Second Amendment Order, 2025",MANDATORY_UNDER_QCO,Bureau of Indian Standards (BIS)
Scheme-I (ISI Mark),Steel & Metallurgy,IS 16513 : 2016,Insect nets for Agriculture and Horticulture purpose,"Agro Textiles (Quality Control) Amendment Order, 2024",MANDATORY_UNDER_QCO,Bureau of Indian Standards (BIS)
Scheme-I (ISI Mark),Steel & Metallurgy,IS 16202 : 2014,Woven Ground covers for Horticulture Application,"Agro Textiles (Quality Control) Amendment Order, 2024",MANDATORY_UNDER_QCO,Bureau of Indian Standards (BIS)
Scheme-I (ISI Mark),Steel & Metallurgy,IS 17070 : 2019,Jute Agro textiles for Growth of Plants and Suppression of Weeds,"Agro Textiles (Quality Control) Amendment Order, 2024",MANDATORY_UNDER_QCO,Bureau of Indian Standards (BIS)
Scheme-I (ISI Mark),Steel & Metallurgy,IS 15907 : 2010,High Density Polyethylene (HDPE) woven beds for vermiculture,"Agro Textiles (Quality Control) Amendment Order, 2024",MANDATORY_UNDER_QCO,Bureau of Indian Standards (BIS)
Scheme-I (ISI Mark),Steel & Metallurgy,IS 16089 : 2013,Sapling bags for growth of seedling /sapling,"Agro Textiles (Quality Control) Amendment Order, 2024",MANDATORY_UNDER_QCO,Bureau of Indian Standards (BIS)
Scheme-I (ISI Mark),Steel & Metallurgy,IS 16190 : 2014,High Density Polyethylene (HDPE) laminated woven lay flat tube for irrigation purpose,"Agro Textiles (Quality Control) Amendment Order, 2024",MANDATORY_UNDER_QCO,Bureau of Indian Standards (BIS)
Scheme-I (ISI Mark),Steel & Metallurgy,IS 16390 : 2015,Nylon Knitted seamless gloves for tobacco harvesters,"Agro Textiles (Quality Control) Amendment Order, 2024",MANDATORY_UNDER_QCO,Bureau of Indian Standards (BIS)
Scheme-I (ISI Mark),Steel & Metallurgy,IS 16627 : 2017,High density polyethylene (HDPE) laminated woven lay flat tube for use in mains and submains of drip irrigation system,"Agro Textiles (Quality Control) Amendment Order, 2024",MANDATORY_UNDER_QCO,Bureau of Indian Standards (BIS)
Scheme-I (ISI Mark),Steel & Metallurgy,IS 17355 : 2020,Propylene Spun bonded non—woven mulch mat for agriculture and horticulture applications,"Agro Textiles (Quality Control) Amendment Order, 2024",MANDATORY_UNDER_QCO,Bureau of Indian Standards (BIS)
Scheme-I (ISI Mark),Steel & Metallurgy,IS 17356 : 2020,Windshield nets for agriculture and horticulture purpose,"Agro Textiles (Quality Control) Amendment Order, 2024",MANDATORY_UNDER_QCO,Bureau of Indian Standards (BIS)
Scheme-I (ISI Mark),Steel & Metallurgy,IS 17357 : 2020,Harvest nets for agriculture and horticulture purposes,"Agro Textiles (Quality Control) Amendment Order, 2024",MANDATORY_UNDER_QCO,Bureau of Indian Standards (BIS)
Scheme-I (ISI Mark),Steel & Metallurgy,IS 17358 (Part 1) : 2020,Fencing nets for agriculture and horticulture purposes – made from extruded polymer mesh,"Agro Textiles (Quality Control) Amendment Order, 2024",MANDATORY_UNDER_QCO,Bureau of Indian Standards (BIS)
Scheme-I (ISI Mark),Steel & Metallurgy,IS 17358 (Part 2) : 2020,Fencing nets for agriculture and horticulture purposes -made from mono filament yarns and combination of tape and mono filament yarns,"Agro Textiles (Quality Control) Amendment Order, 2024",MANDATORY_UNDER_QCO,Bureau of Indian Standards (BIS)
Scheme-I (ISI Mark),Steel & Metallurgy,IS 17513 : 2020,Plant Support Nets for Agriculture and Horticulture Purposes,"Agro Textiles (Quality Control) Amendment Order, 2024",MANDATORY_UNDER_QCO,Bureau of Indian Standards (BIS)
Scheme-I (ISI Mark),Steel & Metallurgy,IS 17728 : 2021,High Density Polyethylene (HDPE) Laminated Woven Lay Flat Tube and Fittings for use in Rain Irrigation System,"Agro Textiles (Quality Control) Amendment Order, 2024",MANDATORY_UNDER_QCO,Bureau of Indian Standards (BIS)
Scheme-I (ISI Mark),Steel & Metallurgy,IS 17729 : 2021,Flexible Water Storage Tank for Agriculture and Horticulture Purposes,"Agro Textiles (Quality Control) Amendment Order, 2024",MANDATORY_UNDER_QCO,Bureau of Indian Standards (BIS)
Scheme-I (ISI Mark),Steel & Metallurgy,IS 17730 (Part 1) : 2021,Hail Protection Nets for Agriculture and Horticulture Purposes- Warp Knitted Hail Protection Nets,"Agro Textiles (Quality Control) Amendment Order, 2024",MANDATORY_UNDER_QCO,Bureau of Indian Standards (BIS)
Scheme-I (ISI Mark),Steel & Metallurgy,IS 17730 (Part 2) : 2021,Hail Protection Nets for Agriculture and Horticulture Purposes – Woven Hail Protection Nets,"Agro Textiles (Quality Control) Amendment Order, 2024",MANDATORY_UNDER_QCO,Bureau of Indian Standards (BIS)
Scheme-I (ISI Mark),Steel & Metallurgy,IS 17731 : 2021,Laminated Woven Orchard Protection Covers,"Agro Textiles (Quality Control) Amendment Order, 2024",MANDATORY_UNDER_QCO,Bureau of Indian Standards (BIS)
Scheme-I (ISI Mark),Steel & Metallurgy,IS 12444:2020,Copper Wire Rods for Electrical Applications,"Agro Textiles (Quality Control) Amendment Order, 2024",MANDATORY_UNDER_QCO,Bureau of Indian Standards (BIS)
Scheme-I (ISI Mark),Steel & Metallurgy,IS 613:2000,Copper Rods and Bars for Electrical Purposes,"Copper Products (Quality Control) Amendment Order, 2026",MANDATORY_UNDER_QCO,Bureau of Indian Standards (BIS)
Scheme-I (ISI Mark),Steel & Metallurgy,IS 1897:2008,Copper strip for electrical purposes,"Copper Products (Quality Control) Amendment Order, 2026",MANDATORY_UNDER_QCO,Bureau of Indian Standards (BIS)
Scheme-I (ISI Mark),Steel & Metallurgy,IS 4171:1983,Copper rods and bars for general engineering purposes,"Copper Products (Quality Control) Amendment Order, 2026",MANDATORY_UNDER_QCO,Bureau of Indian Standards (BIS)
Scheme-I (ISI Mark),Steel & Metallurgy,IS 1545: 1994,Solid drawn copper and copper alloy tubes for condensers and heat exchangers,"Copper Products (Quality Control) Amendment Order, 2026",MANDATORY_UNDER_QCO,Bureau of Indian Standards (BIS)
Scheme-I (ISI Mark),Steel & Metallurgy,IS 2501: 1995,Solid drawn copper tubes for general engineering purposes,"Copper Products (Quality Control) Amendment Order, 2026",MANDATORY_UNDER_QCO,Bureau of Indian Standards (BIS)
Scheme-I (ISI Mark),Steel & Metallurgy,IS 14810: 2000,Copper Tubes for plumbing- Specification,"Copper Products (Quality Control) Amendment Order, 2026",MANDATORY_UNDER_QCO,Bureau of Indian Standards (BIS)
Scheme-I (ISI Mark),Steel & Metallurgy,IS 10773:1995,Wrought Copper Tubes for Refrigeration and Air- Conditioning Purpose,"Copper Products (Quality Control) Amendment Order, 2026",MANDATORY_UNDER_QCO,Bureau of Indian Standards (BIS)
Scheme-I (ISI Mark),Steel & Metallurgy,IS 4412:1981,Copper wires for general engineering purposes,"Copper Products (Quality Control) Amendment Order, 2026",MANDATORY_UNDER_QCO,Bureau of Indian Standards (BIS)
Scheme-I (ISI Mark),Steel & Metallurgy,IS 13997:2014,"Drums, Large Open Top","Copper Products (Quality Control) Amendment Order, 2026",MANDATORY_UNDER_QCO,Bureau of Indian Standards (BIS)
Scheme-I (ISI Mark),Steel & Metallurgy,IS 1783 (Part 1) :2014,"Drums Large, Fixed Ends – Grade A","98. Drums and Tins (Quality Control) Order, 2023",MANDATORY_UNDER_QCO,Bureau of Indian Standards (BIS)
Scheme-I (ISI Mark),Steel & Metallurgy,IS 1783 (Part 2) :2014,"Drums, Large, Fixed Ends – Grade","98. Drums and Tins (Quality Control) Order, 2023",MANDATORY_UNDER_QCO,Bureau of Indian Standards (BIS)
Scheme-I (ISI Mark),Steel & Metallurgy,IS 2552:1989,Steel Drums (Galvanized and Ungalvanized),"98. Drums and Tins (Quality Control) Order, 2023",MANDATORY_UNDER_QCO,Bureau of Indian Standards (BIS)
Scheme-I (ISI Mark),Steel & Metallurgy,IS 3575:1993,Bitumen Drums,"98. Drums and Tins (Quality Control) Order, 2023",MANDATORY_UNDER_QCO,Bureau of Indian Standards (BIS)
Scheme-I (ISI Mark),Steel & Metallurgy,IS 916:2000,Square Tins for Solid Products,"98. Drums and Tins (Quality Control) Order, 2023",MANDATORY_UNDER_QCO,Bureau of Indian Standards (BIS)
Scheme-I (ISI Mark),Steel & Metallurgy,IS 10325:2000,"Square Tins – 15 Kilograms or litre for Ghee, Vanaspati, Edible Oils and Bakery","98. Drums and Tins (Quality Control) Order, 2023",MANDATORY_UNDER_QCO,Bureau of Indian Standards (BIS)
Scheme-I (ISI Mark),Steel & Metallurgy,IS 6343:1982,Door closers (pneumatically regulated) for light doors weighing up to 40 kg,"98. Drums and Tins (Quality Control) Order, 2023",MANDATORY_UNDER_QCO,Bureau of Indian Standards (BIS)
Scheme-I (ISI Mark),Steel & Metallurgy,IS 14912:2001,"Door closers, concealed type (hydraulically regulated)","99. Door Fittings (Quality Control) Order, 2023",MANDATORY_UNDER_QCO,Bureau of Indian Standards (BIS)
Scheme-I (ISI Mark),Steel & Metallurgy,IS 3564:1995,Hydraulically Regulated Door Closers,"99. Door Fittings (Quality Control) Order, 2023",MANDATORY_UNDER_QCO,Bureau of Indian Standards (BIS)
Scheme-I (ISI Mark),Steel & Metallurgy,IS 6315:1992,Floor springs (hydraulically regulated) for heavy doors,"99. Door Fittings (Quality Control) Order, 2023",MANDATORY_UNDER_QCO,Bureau of Indian Standards (BIS)
Scheme-I (ISI Mark),Steel & Metallurgy,IS 1019:1974,Rim Latches,"99. Door Fittings (Quality Control) Order, 2023",MANDATORY_UNDER_QCO,Bureau of Indian Standards (BIS)
Scheme-I (ISI Mark),Steel & Metallurgy,IS 208:2020,Door Handles,"99. Door Fittings (Quality Control) Order, 2023",MANDATORY_UNDER_QCO,Bureau of Indian Standards (BIS)
Scheme-I (ISI Mark),Steel & Metallurgy,IS 4992:1975,Door handles for mortice lock (vertical type),"99. Door Fittings (Quality Control) Order, 2023",MANDATORY_UNDER_QCO,Bureau of Indian Standards (BIS)
Scheme-I (ISI Mark),Steel & Metallurgy,IS 17681:2022,Bottled water dispensers,"99. Door Fittings (Quality Control) Order, 2023",MANDATORY_UNDER_QCO,Bureau of Indian Standards (BIS)
Scheme-I (ISI Mark),Steel & Metallurgy,IS 2745:1983,Non-metal helmet for firemen and civil defence personnel,"Bottled Water Dispensers (Quality Control) Order, 2024",MANDATORY_UNDER_QCO,Bureau of Indian Standards (BIS)
Scheme-I (ISI Mark),Steel & Metallurgy,IS 2925:1984,Industrial safety helmets,"101. Helmet for Police Force, Civil Defence and Personal Protection (Quality Control) Order, 2023",MANDATORY_UNDER_QCO,Bureau of Indian Standards (BIS)
Scheme-I (ISI Mark),Steel & Metallurgy,IS 9562:1980,Non- metal helmet for Police Force,"101. Helmet for Police Force, Civil Defence and Personal Protection (Quality Control) Order, 2023",MANDATORY_UNDER_QCO,Bureau of Indian Standards (BIS)
Scheme-I (ISI Mark),Steel & Metallurgy,IS 2266 : 2019,Steel Wire Ropes for General Engineering Purposes,"101. Helmet for Police Force, Civil Defence and Personal Protection (Quality Control) Order, 2023",MANDATORY_UNDER_QCO,Bureau of Indian Standards (BIS)
Scheme-I (ISI Mark),Steel & Metallurgy,IS 2365 : 2018,"Steel Wire Suspension Ropes for Lifts, Elevators and Hoists","Steel Wires or Strands, Nylon or Wire Ropes and Wire mesh (Quality Control) Order, 2024",MANDATORY_UNDER_QCO,Bureau of Indian Standards (BIS)
Scheme-I (ISI Mark),Steel & Metallurgy,IS 1855:2022,Stranded steel wire ropes for winding and man –riding haulages in mines,"Steel Wires or Strands, Nylon or Wire Ropes and Wire mesh (Quality Control) Order, 2024",MANDATORY_UNDER_QCO,Bureau of Indian Standards (BIS)
Scheme-I (ISI Mark),Steel & Metallurgy,IS 1856:2005,Steel Wire Rope forhaulage,"Steel Wires or Strands, Nylon or Wire Ropes and Wire mesh (Quality Control) Order, 2024",MANDATORY_UNDER_QCO,Bureau of Indian Standards (BIS)
Scheme-I (ISI Mark),Steel & Metallurgy,IS 2141:20005,Hot Dip Galvanized Stay Strand,"Steel Wires or Strands, Nylon or Wire Ropes and Wire mesh (Quality Control) Order, 2024",MANDATORY_UNDER_QCO,Bureau of Indian Standards (BIS)
Scheme-I (ISI Mark),Steel & Metallurgy,IS 4521:2001,Wire Ropes Used in Oil Wells and Oil Well Drilling,"Steel Wires or Strands, Nylon or Wire Ropes and Wire mesh (Quality Control) Order, 2024",MANDATORY_UNDER_QCO,Bureau of Indian Standards (BIS)
Scheme-I (ISI Mark),Steel & Metallurgy,IS 6590:1972,Braided Nylon Ropes for Mountaineering Purposes,"Steel Wires or Strands, Nylon or Wire Ropes and Wire mesh (Quality Control) Order, 2024",MANDATORY_UNDER_QCO,Bureau of Indian Standards (BIS)
Scheme-I (ISI Mark),Steel & Metallurgy,IS 278:2009,Galvanized Steel Barbed Wire for Fencing,"Steel Wires or Strands, Nylon or Wire Ropes and Wire mesh (Quality Control) Order, 2024",MANDATORY_UNDER_QCO,Bureau of Indian Standards (BIS)
Scheme-I (ISI Mark),Steel & Metallurgy,IS 16014:2018,"Mechanically Woven, Double- Twisted, Hexagonal Wire Mesh Gabions, Revet Mattresses and Rock Fall Netting and Other Rock Fall Netting and Other Products for Civil Engineering Purposes (Galvanized Steel Wire or Galvanized Steel Wire with polymer coating)","Steel Wires or Strands, Nylon or Wire Ropes and Wire mesh (Quality Control) Order, 2024",MANDATORY_UNDER_QCO,Bureau of Indian Standards (BIS)
Scheme-I (ISI Mark),Steel & Metallurgy,IS 1269(Part 1) : 1997,Legal Metrology – Material Measure of length – Woven metallic and glass fibre tape measures,"Steel Wires or Strands, Nylon or Wire Ropes and Wire mesh (Quality Control) Order, 2024",MANDATORY_UNDER_QCO,Bureau of Indian Standards (BIS)
Scheme-I (ISI Mark),Steel & Metallurgy,IS 1269(Part 2) : 1997,Legal Metrology – Material Measure of length – Steel tape measures,"103. Legal Metrology – Material Measures of Length (Quality Control) Order, 2023",MANDATORY_UNDER_QCO,Bureau of Indian Standards (BIS)
Scheme-I (ISI Mark),Steel & Metallurgy,IS 9755 : 2021,Textiles—High Density Polyethylene (HDPE) /Polypropylene (PP) Woven Sacks for Packaging Fertilizers,"103. Legal Metrology – Material Measures of Length (Quality Control) Order, 2023",MANDATORY_UNDER_QCO,Bureau of Indian Standards (BIS)
Scheme-I (ISI Mark),Chemicals & Fertilizers,IS 11652 : 2017,Textiles — High Density Polyethylene (HDPE)/ Polypropylene (PP) Woven Sacks for Packaging of 50 kg Cement,"Textiles—High Density Polyethylene (HDPE) /Polypropylene (PP) Woven Sacks for Packaging Fertilizers (Quality Control) Amendment Order, 2024",MANDATORY_UNDER_QCO,Bureau of Indian Standards (BIS)
Scheme-I (ISI Mark),Chemicals & Fertilizers,IS 16709 : 2017,"Textiles — Polypropylene (PP) Woven, Laminated, Block Bottom Valve Sacks for Packaging of 50 kg Cement","Textiles — High Density Polyethylene (HDPE) / Polypropylene (PP) Woven Sacks For Packaging Of 50 Kg Cement (Quality Control) Amendment Order, 2026",MANDATORY_UNDER_QCO,Bureau of Indian Standards (BIS)
Scheme-I (ISI Mark),Chemicals & Fertilizers,IS 16703 : 2017,Textiles — High Density Polyethylene (HDPE) Polypropylene (PP) Woven Sacks for Packaging of 25 kg Polymer Materials,"Textiles —Polypropylene (PP) Woven, Laminated, Block Bottom Valve Sacks For Packaging 50 Kg Cement (Quality Control) Amendment Order, 2026",MANDATORY_UNDER_QCO,Bureau of Indian Standards (BIS)
Scheme-I (ISI Mark),Chemicals & Fertilizers,IS 17399 : 2020,"Textiles — Polypropylene (PP)/ High Density Polyethylene (HDPE) Laminated Woven Sacks for Mail Sorting, Storage, Transport and Distribution","107. Textiles— High Density Polyethylene (HDPE) Polypropylene (PP) Woven Sacks for Packaging of 25 kg Polymer Materials (Quality Control) Order, 2023",MANDATORY_UNDER_QCO,Bureau of Indian Standards (BIS)
Scheme-I (ISI Mark),Chemicals & Fertilizers,IS 550 (Part 1) : 2014,Safes,"Texiles —Polypropylene (PP)/ High Density Polyethylene (HDPE) Laminated Woven Sacks For Mail Sorting, Storage, Transport And Distribution (Quality Control) Amendment Order, 2026",MANDATORY_UNDER_QCO,Bureau of Indian Standards (BIS)
Scheme-I (ISI Mark),Chemicals & Fertilizers,IS 5244 : 2020,Safe deposit locker cabinets,"109. Safes, Safe Deposit Locker Cabinets and key locks (Quality Control) Order, 2023",MANDATORY_UNDER_QCO,Bureau of Indian Standards (BIS)
Scheme-I (ISI Mark),Chemicals & Fertilizers,IS 17566 : 2021,Key locks for security equipment,"109. Safes, Safe Deposit Locker Cabinets and key locks (Quality Control) Order, 2023",MANDATORY_UNDER_QCO,Bureau of Indian Standards (BIS)
Scheme-I (ISI Mark),Chemicals & Fertilizers,IS 12817:2020,Stainless steel butt hinges,"109. Safes, Safe Deposit Locker Cabinets and key locks (Quality Control) Order, 2023",MANDATORY_UNDER_QCO,Bureau of Indian Standards (BIS)
Scheme-I (ISI Mark),Chemicals & Fertilizers,IS 1341:2018,Steel Butt Hinges,"Transition Facilitation (Quality Control) Order, 2026",MANDATORY_UNDER_QCO,Bureau of Indian Standards (BIS)
Scheme-I (ISI Mark),Steel & Metallurgy,IS 205:1992,Non-ferrous metal butt hinges,"Transition Facilitation (Quality Control) Order, 2026",MANDATORY_UNDER_QCO,Bureau of Indian Standards (BIS)
Scheme-I (ISI Mark),Steel & Metallurgy,IS 206:2010,Tee and strap hinges,"Transition Facilitation (Quality Control) Order, 2026",MANDATORY_UNDER_QCO,Bureau of Indian Standards (BIS)
Scheme-I (ISI Mark),Steel & Metallurgy,IS 362:1991,Parliament hinges,"Transition Facilitation (Quality Control) Order, 2026",MANDATORY_UNDER_QCO,Bureau of Indian Standards (BIS)
Scheme-I (ISI Mark),Steel & Metallurgy,IS 3818:1992,Continuous (Piano) hinges,"Transition Facilitation (Quality Control) Order, 2026",MANDATORY_UNDER_QCO,Bureau of Indian Standards (BIS)
Scheme-I (ISI Mark),Steel & Metallurgy,IS 3843:1995,Steel back flap hinges,"Transition Facilitation (Quality Control) Order, 2026",MANDATORY_UNDER_QCO,Bureau of Indian Standards (BIS)
Scheme-I (ISI Mark),Steel & Metallurgy,IS 453:1993,Double-acting spring hinges,"Transition Facilitation (Quality Control) Order, 2026",MANDATORY_UNDER_QCO,Bureau of Indian Standards (BIS)
Scheme-I (ISI Mark),Steel & Metallurgy,IS 18297:2023,Cabinet hinges,"Transition Facilitation (Quality Control) Order, 2026",MANDATORY_UNDER_QCO,Bureau of Indian Standards (BIS)
Scheme-I (ISI Mark),Steel & Metallurgy,IS 2414:2005,Cycle and Rickshaw Pneumatic Tyres,"Transition Facilitation (Quality Control) Order, 2026",MANDATORY_UNDER_QCO,Bureau of Indian Standards (BIS)
Scheme-I (ISI Mark),Steel & Metallurgy,IS 2415 :2015,Cycle – Rubber Tubes (Moulded or Jointed),"111. Cycle and Rickshaw Tyres and Tubes (Quality Control) Order, 2023",MANDATORY_UNDER_QCO,Bureau of Indian Standards (BIS)
Scheme-I (ISI Mark),Steel & Metallurgy,IS 7466 :1994,Rubber Gaskets for Pressure Cookers,"111. Cycle and Rickshaw Tyres and Tubes (Quality Control) Order, 2023",MANDATORY_UNDER_QCO,Bureau of Indian Standards (BIS)
Scheme-I (ISI Mark),Steel & Metallurgy,IS 878 :2008,Laboratory glassware – Graduated measuring cylinders,"112. Rubber Gaskets for Pressure Cookers (Quality Control) Order, 2023",MANDATORY_UNDER_QCO,Bureau of Indian Standards (BIS)
Scheme-I (ISI Mark),Steel & Metallurgy,IS 915:2012,Laboratory glassware – One – Mark volumetric flasks,"Laboratory Glassware (Quality Control) Amendment Order, 2024",MANDATORY_UNDER_QCO,Bureau of Indian Standards (BIS)
Scheme-I (ISI Mark),Steel & Metallurgy,IS 1381 (Part 1):2003,Laboratory glassware – Narrow-necked boiling flasks,"Laboratory Glassware (Quality Control) Amendment Order, 2024",MANDATORY_UNDER_QCO,Bureau of Indian Standards (BIS)
Scheme-I (ISI Mark),Steel & Metallurgy,IS 1117:2018,Laboratory glassware – Single volume pipettes,"Laboratory Glassware (Quality Control) Amendment Order, 2024",MANDATORY_UNDER_QCO,Bureau of Indian Standards (BIS)
Scheme-I (ISI Mark),Steel & Metallurgy,IS 2619:2018,Glass beakers,"Laboratory Glassware (Quality Control) Amendment Order, 2024",MANDATORY_UNDER_QCO,Bureau of Indian Standards (BIS)
Scheme-I (ISI Mark),Steel & Metallurgy,IS 14772: 2020,Boxes and Enclosures for Electrical Accessories for Household and Similar Fixed Electrical Installations,"Laboratory Glassware (Quality Control) Amendment Order, 2024",MANDATORY_UNDER_QCO,Bureau of Indian Standards (BIS)
Scheme-I (ISI Mark),Steel & Metallurgy,IS 14927 (Part 2): 2001,Cable Trunking and Ducting Systems for Electrical Installations – Cable Trunking and Ducting Systems Intended for Mounting on Walls or Ceiling,"Electrical Accessories (Quality Control) Order, 2023",MANDATORY_UNDER_QCO,Bureau of Indian Standards (BIS)
Scheme-I (ISI Mark),Steel & Metallurgy,IS 1258: 2005,Bayonet Lamp Holders,"Electrical Accessories (Quality Control) Order, 2023",MANDATORY_UNDER_QCO,Bureau of Indian Standards (BIS)
Scheme-I (ISI Mark),Steel & Metallurgy,IS 15787: 2008,Switch-socket-outlets (non-interlock type),"Electrical Accessories (Quality Control) Order, 2023",MANDATORY_UNDER_QCO,Bureau of Indian Standards (BIS)
Scheme-I (ISI Mark),Steel & Metallurgy,IS 13774:2021,Live Working Gloves of Insulating Material,"Electrical Accessories (Quality Control) Order, 2023",MANDATORY_UNDER_QCO,Bureau of Indian Standards (BIS)
Scheme-I (ISI Mark),Steel & Metallurgy,IS 15652:2006,Insulating Mats for Electrical Purposes,"Electrical Accessories (Quality Control) Order, 2023",MANDATORY_UNDER_QCO,Bureau of Indian Standards (BIS)
Scheme-I (ISI Mark),Steel & Metallurgy,IS 7809 (Part3/ Sec1): 1986,Specification for Pressure sensitive adhesive insulating tapes for electrical purposes- Part 3 requirements or individual materials – Sec 1 plasticized polyvinylchloride tapes with non- Thermosetting adhesive,"Electrical Accessories (Quality Control) Order, 2023",MANDATORY_UNDER_QCO,Bureau of Indian Standards (BIS)
Scheme-I (ISI Mark),Steel & Metallurgy,IS 16012: 2012,Poly- Laminated aluminium cable wrap,"Electrical Accessories (Quality Control) Order, 2023",MANDATORY_UNDER_QCO,Bureau of Indian Standards (BIS)
Scheme-I (ISI Mark),Steel & Metallurgy,IS 17658:2021,Poly Vinyl Chloride (PVC) Homopolymers,"Electrical Accessories (Quality Control) Order, 2023",MANDATORY_UNDER_QCO,Bureau of Indian Standards (BIS)
Scheme-I (ISI Mark),Steel & Metallurgy,IS 10951: 2020,Polypropylene (PP) Materials for Moulding and Extrusion,"Rescind order of Poly Vinyl Chloride (PVC) Homopolymers (Quality Control) Order, 2024",MANDATORY_UNDER_QCO,Bureau of Indian Standards (BIS)
Scheme-I (ISI Mark),Steel & Metallurgy,IS 17042 (Part-1): 2018,Diesel Engines – NOx Reduction Agent AUS 32,"Rescind order of Polypropylene (PP) Materials for Moulding and Extrusion (Quality Control) Order, 2024",MANDATORY_UNDER_QCO,Bureau of Indian Standards (BIS)
Scheme-I (ISI Mark),Steel & Metallurgy,IS 3315:2019,Evaporative Air Coolers (Desert Coolers),"114. Diesel Engines – NOx Reduction Agent AUS 32 (Quality Control) Order, 2024",MANDATORY_UNDER_QCO,Bureau of Indian Standards (BIS)
Scheme-I (ISI Mark),Steel & Metallurgy,IS 17570 (Part 1): 2021 ISO 16890-2: 2016,Air Filters for general ventilation – Technical specifications requirements and classification system based upon particulate matter efficiency (ePM),"Air Cooler and Air Filters (Quality Control) Order, 2025",MANDATORY_UNDER_QCO,Bureau of Indian Standards (BIS)
Scheme-I (ISI Mark),Steel & Metallurgy,IS 302 (Part 2/Sec 9): 2009,"Safety of household and similar electrical appliances – particular requirements – toasters, grills, roasters and similar appliances","Air Cooler and Air Filters (Quality Control) Order, 2025",MANDATORY_UNDER_QCO,Bureau of Indian Standards (BIS)
Scheme-I (ISI Mark),Steel & Metallurgy,IS 302 (Part 2/Sec 31): 2009,Safety of household and similar electrical appliances – particular requirements – range hoods,"116. Electrical Appliances for Kitchen (Quality Control) Order, 2023",MANDATORY_UNDER_QCO,Bureau of Indian Standards (BIS)
Scheme-I (ISI Mark),Steel & Metallurgy,IS 302 (Part 2/Sec 23): 2009,Safety of household and similar electrical appliances – particular requirements – appliances for skin or hair care,"116. Electrical Appliances for Kitchen (Quality Control) Order, 2023",MANDATORY_UNDER_QCO,Bureau of Indian Standards (BIS)
Scheme-I (ISI Mark),Steel & Metallurgy,IS 302 (Part 2/ Sec 80): 2017,Household and similar electrical appliances – Safety – particular requirements for fans,"117. Electrical Appliances for Skin or Hair care (Quality Control) Order, 2023",MANDATORY_UNDER_QCO,Bureau of Indian Standards (BIS)
Scheme-I (ISI Mark),Steel & Metallurgy,IS 302 (Part 2/Sec 75): 2018,Safety of Household and Similar Electrical Appliances – Particular Requirements – Commercial Dispensing Appliances and Vending Machines,"118. Electrical appliance fans (Quality Control) Order, 2023",MANDATORY_UNDER_QCO,Bureau of Indian Standards (BIS)
Scheme-I (ISI Mark),Steel & Metallurgy,IS 302 (Part 2/Sec 7): 2010,Safety of household and similar electrical appliances – particular requirements – domestic electric clothes washing machines,"Electrical Appliances for Commercial Dispensing and Vending (Quality Control) Order, 2025",MANDATORY_UNDER_QCO,Bureau of Indian Standards (BIS)
Scheme-I (ISI Mark),Steel & Metallurgy,IS 459:1992,Corrugated and Semi – Corrugated Asbestos Cement Sheets,"Transition Facilitation (Quality Control) Order, 2026",MANDATORY_UNDER_QCO,Bureau of Indian Standards (BIS)
Scheme-I (ISI Mark),Steel & Metallurgy,IS 1592:2003,Asbestos Cement Pressure Pipes and Joints,"121. Asbestos or Fibre Cement based Products (Quality Control) Order, 2024",MANDATORY_UNDER_QCO,Bureau of Indian Standards (BIS)
Scheme-I (ISI Mark),Steel & Metallurgy,IS 2096:1992,Asbestos Cement Flat Sheets,"121. Asbestos or Fibre Cement based Products (Quality Control) Order, 2024",MANDATORY_UNDER_QCO,Bureau of Indian Standards (BIS)
Scheme-I (ISI Mark),Steel & Metallurgy,IS 2098:1997,Asbestos Cement Building Boards,"121. Asbestos or Fibre Cement based Products (Quality Control) Order, 2024",MANDATORY_UNDER_QCO,Bureau of Indian Standards (BIS)
Scheme-I (ISI Mark),Steel & Metallurgy,IS 6908:1991,Asbestos – Cement Pipes and Fittings for Sewerage and Drainage,"121. Asbestos or Fibre Cement based Products (Quality Control) Order, 2024",MANDATORY_UNDER_QCO,Bureau of Indian Standards (BIS)
Scheme-I (ISI Mark),Steel & Metallurgy,IS 13000:1990,Silica-Asbestos-Cement Flat Sheets,"121. Asbestos or Fibre Cement based Products (Quality Control) Order, 2024",MANDATORY_UNDER_QCO,Bureau of Indian Standards (BIS)
Scheme-I (ISI Mark),Steel & Metallurgy,IS 8870:1978,Asbestos Cement Cable Conduits and Troughs,"121. Asbestos or Fibre Cement based Products (Quality Control) Order, 2024",MANDATORY_UNDER_QCO,Bureau of Indian Standards (BIS)
Scheme-I (ISI Mark),Steel & Metallurgy,IS 9627:1980,Asbestos Cement Pressure Pipes (Light Duty),"121. Asbestos or Fibre Cement based Products (Quality Control) Order, 2024",MANDATORY_UNDER_QCO,Bureau of Indian Standards (BIS)
Scheme-I (ISI Mark),Steel & Metallurgy,IS 13008:1990,Shallow Corrugated Asbestos Cement Sheets,"121. Asbestos or Fibre Cement based Products (Quality Control) Order, 2024",MANDATORY_UNDER_QCO,Bureau of Indian Standards (BIS)
Scheme-I (ISI Mark),Steel & Metallurgy,IS 14862:2000,Fibre Cement Flat Sheets,"121. Asbestos or Fibre Cement based Products (Quality Control) Order, 2024",MANDATORY_UNDER_QCO,Bureau of Indian Standards (BIS)
Scheme-I (ISI Mark),Steel & Metallurgy,IS 14871:2000,Fibre Reinforced Cement Products – Long Corrugated or Asymmetrical Section Sheets and Fittings for Roofing and Cladding,"121. Asbestos or Fibre Cement based Products (Quality Control) Order, 2024",MANDATORY_UNDER_QCO,Bureau of Indian Standards (BIS)
Scheme-I (ISI Mark),Steel & Metallurgy,IS 2373:1981,Water meters (bulk type),"121. Asbestos or Fibre Cement based Products (Quality Control) Order, 2024",MANDATORY_UNDER_QCO,Bureau of Indian Standards (BIS)
Scheme-I (ISI Mark),Steel & Metallurgy,IS 779: 1994,Water meters (domestic type),"122. Water meters and accessories (Quality Control) Order, 2023",MANDATORY_UNDER_QCO,Bureau of Indian Standards (BIS)
Scheme-I (ISI Mark),Steel & Metallurgy,IS 2692: 1989,Ferrules for water services,"122. Water meters and accessories (Quality Control) Order, 2023",MANDATORY_UNDER_QCO,Bureau of Indian Standards (BIS)
Scheme-I (ISI Mark),Steel & Metallurgy,IS 2095 (Part 1):2011,Gypsum plaster boards – Specification: Part 1 plain gypsum plaster boards,"122. Water meters and accessories (Quality Control) Order, 2023",MANDATORY_UNDER_QCO,Bureau of Indian Standards (BIS)
Scheme-I (ISI Mark),Steel & Metallurgy,IS 17400:2021,Glass Fibre Reinforced Gypsum Panels,"Gypsum based Building Materials (Quality Control) Amendment Order, 2024",MANDATORY_UNDER_QCO,Bureau of Indian Standards (BIS)
Scheme-I (ISI Mark),Steel & Metallurgy,IS 2095 (Part 2): 2022,Gypsum Plaster Boards – Coated/ Laminated Gypsum Plaster Boards,"Gypsum based Building Materials (Quality Control) Amendment Order, 2024",MANDATORY_UNDER_QCO,Bureau of Indian Standards (BIS)
Scheme-I (ISI Mark),Steel & Metallurgy,IS 2095 (Part 3):2022,Gypsum Plaster Boards – Reinforced Gypsum Plaster Boards and Ceiling Tiles,"Gypsum based Building Materials (Quality Control) Amendment Order, 2024",MANDATORY_UNDER_QCO,Bureau of Indian Standards (BIS)
Scheme-I (ISI Mark),Steel & Metallurgy,IS 302 (Part 2/Sec 21): 2018,Appliances for stationary storage type electric water heaters,"Gypsum based Building Materials (Quality Control) Amendment Order, 2024",MANDATORY_UNDER_QCO,Bureau of Indian Standards (BIS)
Scheme-I (ISI Mark),Steel & Metallurgy,IS 302 (Part 2/Sec 35): 2017,Appliances for electric instantaneous water heaters,"Transition Facilitation (Quality Control) Order, 2026",MANDATORY_UNDER_QCO,Bureau of Indian Standards (BIS)
Scheme-I (ISI Mark),Steel & Metallurgy,IS 368: 2014,Electric Immersion Water Heaters,"Transition Facilitation (Quality Control) Order, 2026",MANDATORY_UNDER_QCO,Bureau of Indian Standards (BIS)
Scheme-I (ISI Mark),Steel & Metallurgy,IS 2082: 2018,Stationary storage type electric water heaters,"Transition Facilitation (Quality Control) Order, 2026",MANDATORY_UNDER_QCO,Bureau of Indian Standards (BIS)
Scheme-I (ISI Mark),Steel & Metallurgy,IS 17150: 2019,Mini domestic water heater for use with piped natural gas (PNG)s,"Transition Facilitation (Quality Control) Order, 2026",MANDATORY_UNDER_QCO,Bureau of Indian Standards (BIS)
Scheme-I (ISI Mark),Steel & Metallurgy,IS 2494 (Part 1): 1994,V-Belts – Endless V-Belts for Industrial Purposes – General Purpose,"Transition Facilitation (Quality Control) Order, 2026",MANDATORY_UNDER_QCO,Bureau of Indian Standards (BIS)
Scheme-I (ISI Mark),Steel & Metallurgy,IS 2494 (Part 2): 1993,V-Belts – Endless V-Belts for Industrial Purposes – fire resistant and antistatic V-Belts,"V-Belt (Quality Control) Amendment Order, 2024",MANDATORY_UNDER_QCO,Bureau of Indian Standards (BIS)
Scheme-I (ISI Mark),Steel & Metallurgy,IS 14261: 1995,Transmission Devices – V – Belts endless narrow V-Belts for industrial use,"V-Belt (Quality Control) Amendment Order, 2024",MANDATORY_UNDER_QCO,Bureau of Indian Standards (BIS)
Scheme-I (ISI Mark),Steel & Metallurgy,IS 17954:2023,Telescopic Ball Bearing Drawer Slide,"V-Belt (Quality Control) Amendment Order, 2024",MANDATORY_UNDER_QCO,Bureau of Indian Standards (BIS)
Scheme-I (ISI Mark),Steel & Metallurgy,IS 18471 (Part 1) : 2023/ ISO 15481:1999,Fasteners – Cross Recessed Drilling Screws with Tapping Screw Thread Part 1 Pan Head,"126. Telescopic Ball Bearing Drawer Slide (Quality Control) Order, 2024",MANDATORY_UNDER_QCO,Bureau of Indian Standards (BIS)
Scheme-I (ISI Mark),Steel & Metallurgy,IS 18471 (Part 2) :2023/ ISO 15482:1999,Fasteners – Cross Recessed Drilling Screws with Tapping Screw Thread Part 2 Countersunk Head,"Cross Recessed Screws (Quality Control) Amendment Order, 2026",MANDATORY_UNDER_QCO,Bureau of Indian Standards (BIS)
Scheme-I (ISI Mark),Steel & Metallurgy,IS 18471 (Part 3) :2023/ ISO 15483:1999,Fasteners – Cross Recessed Drilling Screws with Tapping Screw Thread Part 3 Raised Countersunk Head,"Cross Recessed Screws (Quality Control) Amendment Order, 2026",MANDATORY_UNDER_QCO,Bureau of Indian Standards (BIS)
Scheme-I (ISI Mark),Steel & Metallurgy,IS 18476 : 2023/ ISO 15480:2019,Fasteners – Hexagon Washer Head Drilling Screws with Tapping Screw Thread,"Cross Recessed Screws (Quality Control) Amendment Order, 2026",MANDATORY_UNDER_QCO,Bureau of Indian Standards (BIS)
Scheme-I (ISI Mark),Steel & Metallurgy,IS 18480 (Part 1) :2023/ ISO 7049 : 2011,Cross Recessed Tapping Screws: Part 1 Pan Head,"Cross Recessed Screws (Quality Control) Amendment Order, 2026",MANDATORY_UNDER_QCO,Bureau of Indian Standards (BIS)
Scheme-I (ISI Mark),Steel & Metallurgy,IS 18480 (Part 2) :2023/ ISO 7050 : 2011,Cross Recessed Tapping Screws Part 2 Countersunk Flat Head,"Cross Recessed Screws (Quality Control) Amendment Order, 2026",MANDATORY_UNDER_QCO,Bureau of Indian Standards (BIS)
Scheme-I (ISI Mark),Steel & Metallurgy,IS 18480 (Part 3) :2023/ ISO 7051 : 2011,Cross Recessed Tapping Screw Part 3 Raised Countersunk Oval Head,"Cross Recessed Screws (Quality Control) Amendment Order, 2026",MANDATORY_UNDER_QCO,Bureau of Indian Standards (BIS)
Scheme-I (ISI Mark),Steel & Metallurgy,IS 7483 : 2018/ ISO 7045 : 2011,Pan Head Screws With Type H or Type Z Cross Recess – Product Grade A,"Cross Recessed Screws (Quality Control) Amendment Order, 2026",MANDATORY_UNDER_QCO,Bureau of Indian Standards (BIS)
Scheme-I (ISI Mark),Steel & Metallurgy,IS 7485 (Part 1) : 2018/ ISO 7046 -1 : 2011,Countersunk Flat Head Screws (Common head Style) With Type H or Type Z Cross Recess – Product Grade A Part 1 Steel Screws of Property Class 4.8,"Cross Recessed Screws (Quality Control) Amendment Order, 2026",MANDATORY_UNDER_QCO,Bureau of Indian Standards (BIS)
Scheme-I (ISI Mark),Steel & Metallurgy,IS 7486 : 2018/ ISO 7047 : 2011,Raised countersunk head screws (Common Head Style) with type H or type Z cross recess – Product grade A,"Cross Recessed Screws (Quality Control) Amendment Order, 2026",MANDATORY_UNDER_QCO,Bureau of Indian Standards (BIS)
Scheme-I (ISI Mark),Steel & Metallurgy,IS 18507 : 2024,Drywall Screws – Specification,"Cross Recessed Screws (Quality Control) Amendment Order, 2026",MANDATORY_UNDER_QCO,Bureau of Indian Standards (BIS)
Scheme-I (ISI Mark),Steel & Metallurgy,IS 18508 : 2024,Chipboard Screws – Specification,"Cross Recessed Screws (Quality Control) Amendment Order, 2026",MANDATORY_UNDER_QCO,Bureau of Indian Standards (BIS)
Scheme-I (ISI Mark),Steel & Metallurgy,IS 18509 : 2023,Cross-recessed Countersunk Head Wood Screws – Specification,"Cross Recessed Screws (Quality Control) Amendment Order, 2026",MANDATORY_UNDER_QCO,Bureau of Indian Standards (BIS)
Scheme-I (ISI Mark),Steel & Metallurgy,IS 302 (Part 1) : 2024 IEC 60335-1:2020,All Electrical Appliances,"Cross Recessed Screws (Quality Control) Amendment Order, 2026",MANDATORY_UNDER_QCO,Bureau of Indian Standards (BIS)
Scheme-I (ISI Mark),Food & Agriculture,IS 4123:1982,Chain Pipe Wrenches,"Transition Facilitation (Quality Control) Order, 2026",MANDATORY_UNDER_QCO,Bureau of Indian Standards (BIS)
Scheme-I (ISI Mark),Food & Agriculture,IS 4508:1992,Open Ended Slugging Wrenches (Spanners),"Hand Tools (Quality Control) Order, 2025",MANDATORY_UNDER_QCO,Bureau of Indian Standards (BIS)
Scheme-I (ISI Mark),Food & Agriculture,IS 4509:1992,Ring Slugging Wrenches (Spanners),"Hand Tools (Quality Control) Order, 2025",MANDATORY_UNDER_QCO,Bureau of Indian Standards (BIS)
Scheme-I (ISI Mark),Food & Agriculture,IS 6149:1984,Single-ended Open-jaw Adjustable Wrenches,"Hand Tools (Quality Control) Order, 2025",MANDATORY_UNDER_QCO,Bureau of Indian Standards (BIS)
Scheme-I (ISI Mark),Food & Agriculture,IS 2028:2004,Open-Jaw Wrenches (Spanners),"Hand Tools (Quality Control) Order, 2025",MANDATORY_UNDER_QCO,Bureau of Indian Standards (BIS)
Scheme-I (ISI Mark),Food & Agriculture,IS 2029:1998,Ring Wrenches (Spanners),"Hand Tools (Quality Control) Order, 2025",MANDATORY_UNDER_QCO,Bureau of Indian Standards (BIS)
Scheme-I (ISI Mark),Food & Agriculture,IS 4003 (Part 1): 1978,Pipe Wrenches –General Purpose,"Hand Tools (Quality Control) Order, 2025",MANDATORY_UNDER_QCO,Bureau of Indian Standards (BIS)
Scheme-I (ISI Mark),Food & Agriculture,IS 4003 (Part 2): 1986,Pipe Wrenches – Heavy Duty,"Hand Tools (Quality Control) Order, 2025",MANDATORY_UNDER_QCO,Bureau of Indian Standards (BIS)
Scheme-I (ISI Mark),Food & Agriculture,IS 3650:1981,Combination Side Cutting Pliers,"Hand Tools (Quality Control) Order, 2025",MANDATORY_UNDER_QCO,Bureau of Indian Standards (BIS)
Scheme-I (ISI Mark),Food & Agriculture,IS 15041:2001,Textiles – Flat woven webbing slings made of man-made fibres for general services,"Hand Tools (Quality Control) Order, 2025",MANDATORY_UNDER_QCO,Bureau of Indian Standards (BIS)
Scheme-I (ISI Mark),Food & Agriculture,IS 1084:2005,Textiles — Manila Ropes — Specification,"130. Indutech (Quality Control) Order, 2024",MANDATORY_UNDER_QCO,Bureau of Indian Standards (BIS)
Scheme-I (ISI Mark),Food & Agriculture,IS 11066:2022,"Fibre Ropes — Polyester — 3-, 4-, 8- and 12- Strand Ropes","Ropes and Cordages (Quality Control) Amendment Order, 2026",MANDATORY_UNDER_QCO,Bureau of Indian Standards (BIS)
Scheme-I (ISI Mark),Food & Agriculture,IS 14928:2001,Textiles — Composite Synthetic Fibre Ropes — Specification,"Ropes and Cordages (Quality Control) Amendment Order, 2026",MANDATORY_UNDER_QCO,Bureau of Indian Standards (BIS)
Scheme-I (ISI Mark),Food & Agriculture,IS 14929: 2022,Mixed Polyolefin Fibre Ropes,"Ropes and Cordages (Quality Control) Amendment Order, 2026",MANDATORY_UNDER_QCO,Bureau of Indian Standards (BIS)
Scheme-I (ISI Mark),Food & Agriculture,IS 1804:2004,Steel wire ropes – Fibre main cores – Specification,"Ropes and Cordages (Quality Control) Amendment Order, 2026",MANDATORY_UNDER_QCO,Bureau of Indian Standards (BIS)
Scheme-I (ISI Mark),Steel & Metallurgy,IS 4572:2022,"Fibre Ropes — Polyamide — 3-, 4-, 8- and 12- Strand Ropes","Ropes and Cordages (Quality Control) Amendment Order, 2026",MANDATORY_UNDER_QCO,Bureau of Indian Standards (BIS)
Scheme-I (ISI Mark),Steel & Metallurgy,IS 5175:2022,"Fibre Ropes — Polypropylene Split Film, Monofilament And Multifilament ( PP2 ) and Polypropylene High-Tenacity Multifilament ( PP3 ) —3-, 4-, 8- and 12- Strand Ropes","Ropes and Cordages (Quality Control) Amendment Order, 2026",MANDATORY_UNDER_QCO,Bureau of Indian Standards (BIS)
Scheme-I (ISI Mark),Steel & Metallurgy,IS 8674 : 2013,Fibre Ropes — Polyethylene —3- And 4-Strand Ropes,"Ropes and Cordages (Quality Control) Amendment Order, 2026",MANDATORY_UNDER_QCO,Bureau of Indian Standards (BIS)
Scheme-I (ISI Mark),Steel & Metallurgy,IS 17609 : 2021,Fibre Ropes Of Polyester / Polyolefin dual Fibres,"Ropes and Cordages (Quality Control) Amendment Order, 2026",MANDATORY_UNDER_QCO,Bureau of Indian Standards (BIS)
Scheme-I (ISI Mark),Steel & Metallurgy,IS 12933 (Part 1): 2003,Solar Flat Plate Collector for Solar Water Heating Systems,"Ropes and Cordages (Quality Control) Amendment Order, 2026",MANDATORY_UNDER_QCO,Bureau of Indian Standards (BIS)
Scheme-I (ISI Mark),Steel & Metallurgy,IS 12933 (Part 2): 2003,Solar Flat Plate Collector for Solar Water Heating Systems,"Ropes and Cordages (Quality Control) Amendment Order, 2026",MANDATORY_UNDER_QCO,Bureau of Indian Standards (BIS)
Scheme-I (ISI Mark),Steel & Metallurgy,IS 16544: 2016,Standard Specification,"132. Solar Thermal Systems, Devices and Components (Quality Control) Order, 2024",MANDATORY_UNDER_QCO,Bureau of Indian Standards (BIS)
Scheme-I (ISI Mark),Steel & Metallurgy,IS 16542: 2016,Standard Specification,"132. Solar Thermal Systems, Devices and Components (Quality Control) Order, 2024",MANDATORY_UNDER_QCO,Bureau of Indian Standards (BIS)
Scheme-I (ISI Mark),Steel & Metallurgy,IS 8637 : 2020,H Acid,"132. Solar Thermal Systems, Devices and Components (Quality Control) Order, 2024",MANDATORY_UNDER_QCO,Bureau of Indian Standards (BIS)
Scheme-I (ISI Mark),Chemicals & Fertilizers,IS 11557: 1986,K Acid,"Rescind order of H Acid (Quality Control) Order, 2024",MANDATORY_UNDER_QCO,Bureau of Indian Standards (BIS)
Scheme-I (ISI Mark),Chemicals & Fertilizers,IS 18340 : 2023,Vinyl Sulphone,"Rescind order of K Acid (Quality Control) Order, 2024",MANDATORY_UNDER_QCO,Bureau of Indian Standards (BIS)
Scheme-I (ISI Mark),Chemicals & Fertilizers,IS 302-2-76:1999,Safety of Household and similar electrical appliances – Part 2 particular requirement Sec 76 electric fence energizers,"Rescind Vinyl Sulphone (Quality Control) Order, 2024",MANDATORY_UNDER_QCO,Bureau of Indian Standards (BIS)
Scheme-I (ISI Mark),Chemicals & Fertilizers,IS 2083:2024,Flashlight – Specification,"133. Electric Fence Energizers (Quality Control) Order, 2024",MANDATORY_UNDER_QCO,Bureau of Indian Standards (BIS)
Scheme-I (ISI Mark),Steel & Metallurgy,IS 17875: 2022,Stainless Steel Seamless pipes and tubes for general service,"134. Flashlight (Quality Control) Order, 2025",MANDATORY_UNDER_QCO,Bureau of Indian Standards (BIS)
Scheme-I (ISI Mark),Steel & Metallurgy,IS 17876: 2022,Stainless Steel Welded pipes and tubes for general service,"135. Stainless Steel Pipes and Tubes (Quality Control) Order, 2025",MANDATORY_UNDER_QCO,Bureau of Indian Standards (BIS)
Scheme-I (ISI Mark),Steel & Metallurgy,IS 17631: 2022,Work chairs,"135. Stainless Steel Pipes and Tubes (Quality Control) Order, 2025",MANDATORY_UNDER_QCO,Bureau of Indian Standards (BIS)
Scheme-I (ISI Mark),Steel & Metallurgy,IS 17632: 2022,General purpose chairs and stools,"Transition Facilitation (Quality Control) Order, 2026",MANDATORY_UNDER_QCO,Bureau of Indian Standards (BIS)
Scheme-I (ISI Mark),Steel & Metallurgy,IS 17633: 2022,Tables and desks,"Transition Facilitation (Quality Control) Order, 2026",MANDATORY_UNDER_QCO,Bureau of Indian Standards (BIS)
Scheme-I (ISI Mark),Steel & Metallurgy,IS 17634: 2022,Storage units,"Transition Facilitation (Quality Control) Order, 2026",MANDATORY_UNDER_QCO,Bureau of Indian Standards (BIS)
Scheme-I (ISI Mark),Steel & Metallurgy,IS 17635: 2022,Beds,"Transition Facilitation (Quality Control) Order, 2026",MANDATORY_UNDER_QCO,Bureau of Indian Standards (BIS)
Scheme-I (ISI Mark),Steel & Metallurgy,IS 17636: 2022,Bunk beds,"Transition Facilitation (Quality Control) Order, 2026",MANDATORY_UNDER_QCO,Bureau of Indian Standards (BIS)
Scheme-I (ISI Mark),Steel & Metallurgy,IS 2782: 2023,Refined Nickel,"Transition Facilitation (Quality Control) Order, 2026",MANDATORY_UNDER_QCO,Bureau of Indian Standards (BIS)
Scheme-I (ISI Mark),Steel & Metallurgy,IS 27: 2023,Primary Lead,"Withdrawal of Refined Nickel (Quality Control) Order, 2025",MANDATORY_UNDER_QCO,Bureau of Indian Standards (BIS)
Scheme-I (ISI Mark),Steel & Metallurgy,IS 209: 2024,Refined Zinc,"Withdrawal of Primary Lead (Quality Control) Order, 2025",MANDATORY_UNDER_QCO,Bureau of Indian Standards (BIS)
Scheme-I (ISI Mark),Steel & Metallurgy,IS 26: 2024,Tin Ingot,"Withdrawal of Refined Zinc (Quality Control) Order, 2025",MANDATORY_UNDER_QCO,Bureau of Indian Standards (BIS)
Scheme-I (ISI Mark),Steel & Metallurgy,IS 11513:2017,Hot Rolled Carbon Steel Strip for Cold Rolling Purposes — Specification,"Steel & Steel Products (Quality Control) Amendment Order, 2025",MANDATORY_UNDER_QCO,Bureau of Indian Standards (BIS)
Scheme-I (ISI Mark),Steel & Metallurgy,IS 5522:2014,Stainless Steel sheets and strips for utensils- Specification,"Steel & Steel Products (Quality Control) Amendment Order, 2025",MANDATORY_UNDER_QCO,Bureau of Indian Standards (BIS)
Scheme-I (ISI Mark),Steel & Metallurgy,IS 8748: 1978,Forged/Rolled CTC Segments,"Steel & Steel Products (Quality Control) Amendment Order, 2025",MANDATORY_UNDER_QCO,Bureau of Indian Standards (BIS)
Scheme-I (ISI Mark),Steel & Metallurgy,IS 14698:1999,Standard Specification,"Steel & Steel Products (Quality Control) Amendment Order, 2025",MANDATORY_UNDER_QCO,Bureau of Indian Standards (BIS)
Scheme-I (ISI Mark),Steel & Metallurgy,IS 18513: 2023,"Hot-Dip Zinc - Aluminium - Magnesium Alloy Coated Steel Sheets, Plates and Strips","Steel & Steel Products (Quality Control) Amendment Order, 2025",MANDATORY_UNDER_QCO,Bureau of Indian Standards (BIS)
Scheme-I (ISI Mark),Steel & Metallurgy,IS 1469: 1993,Ferromolybdenum - Specification,"Steel & Steel Products (Quality Control) Amendment Order, 2025",MANDATORY_UNDER_QCO,Bureau of Indian Standards (BIS)
Scheme-I (ISI Mark),Chemicals & Fertilizers,IS 5149:2020,Standard Specification,"Rescind order of Styrene (Vinyl Benzene) (Quality Control) Order, 2022",MANDATORY_UNDER_QCO,Bureau of Indian Standards (BIS)
Scheme-I (ISI Mark),Chemicals & Fertilizers,IS 17264:2019,Polyester Industrial Yarn (IDY),"Rescind order of Polyester Continuous Filament Fully Drawn Yarn (Quality Control) Order, 2023",MANDATORY_UNDER_QCO,Bureau of Indian Standards (BIS)
Scheme-I (ISI Mark),Food & Agriculture,IS 3513 (Part 1) : 1989,Resin treated compressed wood laminates,"Insulated Flask, Bottles and Containers for Domestic Use (Quality Control) Amendment Order, 2024",MANDATORY_UNDER_QCO,Bureau of Indian Standards (BIS)
Scheme-I (ISI Mark),Food & Agriculture,IS 3513 (Part 2) : 1989,Resin treated compressed wood laminates (compregs) - For chemical purposes,"Resin Treated Compressed Wood Laminates (Quality Control) Order, 2024",MANDATORY_UNDER_QCO,Bureau of Indian Standards (BIS)
Scheme-I (ISI Mark),Food & Agriculture,IS 3513 (Part 3) : 1989,Resin treated compressed wood laminates (compregs) - For general purposes,"Resin Treated Compressed Wood Laminates (Quality Control) Order, 2024",MANDATORY_UNDER_QCO,Bureau of Indian Standards (BIS)
Scheme-I (ISI Mark),Food & Agriculture,IS 1363 (Part 3) :2018,"Hexagon Head Bolts, Screws and Nuts of product Grade C - Hexagon Nuts (Size Range M5 to M64)","Bolts, Nuts and Fasteners (Quality Control) Order, 2024",MANDATORY_UNDER_QCO,Bureau of Indian Standards (BIS)
Scheme-I (ISI Mark),Food & Agriculture,IS 1364 (Part 1) :2018,"Hexagon Head Bolts, Screws and Nuts of product Grades A and B - Hexagon Head Bolts (Size Range M 1.6 To M 64)","Bolts, Nuts and Fasteners (Quality Control) Order, 2024",MANDATORY_UNDER_QCO,Bureau of Indian Standards (BIS)
Scheme-I (ISI Mark),Food & Agriculture,IS 1364 (Part 2) :2018,"Hexagon Head Bolts, Screws and Nuts of Product Grades A and B - Hexagon Head Screws (Size Range M 1.6 to M 64)","Bolts, Nuts and Fasteners (Quality Control) Order, 2024",MANDATORY_UNDER_QCO,Bureau of Indian Standards (BIS)
Scheme-I (ISI Mark),Food & Agriculture,IS 10238:2001,Fasteners - Threaded Steel Fastener - Step Bolts for Steel Structures,"Bolts, Nuts and Fasteners (Quality Control) Order, 2024",MANDATORY_UNDER_QCO,Bureau of Indian Standards (BIS)
Scheme-I (ISI Mark),Steel & Metallurgy,IS 12427 : 2001,Fasteners - Threaded Steel Fasteners - Hexagon Head Transmission Tower Bolts,"Bolts, Nuts and Fasteners (Quality Control) Order, 2024",MANDATORY_UNDER_QCO,Bureau of Indian Standards (BIS)
Scheme-I (ISI Mark),Steel & Metallurgy,IS 4990 : 2011,Plywood for concrete shuttering works - Specification,"Plywood and Wooden flush door shutters (Quality Control) Order, 2024",MANDATORY_UNDER_QCO,Bureau of Indian Standards (BIS)
Scheme-I (ISI Mark),Steel & Metallurgy,IS 10701 : 2012,Structural plywood - Specification,"Plywood and Wooden flush door shutters (Quality Control) Order, 2024",MANDATORY_UNDER_QCO,Bureau of Indian Standards (BIS)
Scheme-I (ISI Mark),Steel & Metallurgy,IS 7092 (Part 2):1987,Aluminium alloy tube for irrigation purposes - extruded tube,"Aluminium and Aluminium Alloy Products (Quality Control) Order, 2025",MANDATORY_UNDER_QCO,Bureau of Indian Standards (BIS)
Scheme-I (ISI Mark),Steel & Metallurgy,IS 17358 (Part 1) : 2020,Fencing nets for agriculture and horticulture purposes - made from extruded polymer mesh,"Agro Textiles (Quality Control) Amendment Order, 2024",MANDATORY_UNDER_QCO,Bureau of Indian Standards (BIS)
Scheme-I (ISI Mark),Steel & Metallurgy,IS 17730 (Part 2) : 2021,Hail Protection Nets for Agriculture and Horticulture Purposes - Woven Hail Protection Nets,"Agro Textiles (Quality Control) Amendment Order, 2024",MANDATORY_UNDER_QCO,Bureau of Indian Standards (BIS)
Scheme-I (ISI Mark),Steel & Metallurgy,IS 1783 (Part 1) :2014,"Drums Large, Fixed Ends - Grade A","98. Drums and Tins (Quality Control) Order, 2023",MANDATORY_UNDER_QCO,Bureau of Indian Standards (BIS)
Scheme-I (ISI Mark),Steel & Metallurgy,IS 1783 (Part 2) :2014,"Drums, Large, Fixed Ends - Grade","98. Drums and Tins (Quality Control) Order, 2023",MANDATORY_UNDER_QCO,Bureau of Indian Standards (BIS)
Scheme-I (ISI Mark),Steel & Metallurgy,IS 10325:2000,"Square Tins - 15 Kilograms or litre for Ghee, Vanaspati, Edible Oils and Bakery","98. Drums and Tins (Quality Control) Order, 2023",MANDATORY_UNDER_QCO,Bureau of Indian Standards (BIS)
Scheme-I (ISI Mark),Steel & Metallurgy,IS 1269(Part 1) : 1997,Legal Metrology - Material Measure of length - Woven metallic and glass fibre tape measures,"Steel Wires or Strands, Nylon or Wire Ropes and Wire mesh (Quality Control) Order, 2024",MANDATORY_UNDER_QCO,Bureau of Indian Standards (BIS)
Scheme-I (ISI Mark),Steel & Metallurgy,IS 1269(Part 2) : 1997,Legal Metrology - Material Measure of length - Steel tape measures,"103. Legal Metrology - Material Measures of Length (Quality Control) Order, 2023",MANDATORY_UNDER_QCO,Bureau of Indian Standards (BIS)
Scheme-I (ISI Mark),Steel & Metallurgy,IS 2415 :2015,Cycle - Rubber Tubes (Moulded or Jointed),"111. Cycle and Rickshaw Tyres and Tubes (Quality Control) Order, 2023",MANDATORY_UNDER_QCO,Bureau of Indian Standards (BIS)
Scheme-I (ISI Mark),Steel & Metallurgy,IS 14927 (Part 2): 2001,Cable Trunking and Ducting Systems for Electrical Installations - Cable Trunking and Ducting Systems Intended for Mounting on Walls or Ceiling,"Electrical Accessories (Quality Control) Order, 2023",MANDATORY_UNDER_QCO,Bureau of Indian Standards (BIS)
Scheme-I (ISI Mark),Steel & Metallurgy,IS 17570 (Part 1): 2021 ISO 16890-2: 2016,Air Filters for general ventilation - Technical specifications requirements and classification system based upon particulate matter efficiency (ePM),"Air Cooler and Air Filters (Quality Control) Order, 2025",MANDATORY_UNDER_QCO,Bureau of Indian Standards (BIS)
Scheme-I (ISI Mark),Steel & Metallurgy,IS 302 (Part 2/Sec 9): 2009,"Safety of household and similar electrical appliances - particular requirements - toasters, grills, roasters and similar appliances","Air Cooler and Air Filters (Quality Control) Order, 2025",MANDATORY_UNDER_QCO,Bureau of Indian Standards (BIS)
Scheme-I (ISI Mark),Steel & Metallurgy,IS 302 (Part 2/Sec 31): 2009,Safety of household and similar electrical appliances - particular requirements - range hoods,"116. Electrical Appliances for Kitchen (Quality Control) Order, 2023",MANDATORY_UNDER_QCO,Bureau of Indian Standards (BIS)
Scheme-I (ISI Mark),Steel & Metallurgy,IS 302 (Part 2/Sec 23): 2009,Safety of household and similar electrical appliances - particular requirements - appliances for skin or hair care,"116. Electrical Appliances for Kitchen (Quality Control) Order, 2023",MANDATORY_UNDER_QCO,Bureau of Indian Standards (BIS)
Scheme-I (ISI Mark),Steel & Metallurgy,IS 302 (Part 2/ Sec 80): 2017,Household and similar electrical appliances - Safety - particular requirements for fans,"117. Electrical Appliances for Skin or Hair care (Quality Control) Order, 2023",MANDATORY_UNDER_QCO,Bureau of Indian Standards (BIS)
Scheme-I (ISI Mark),Steel & Metallurgy,IS 302 (Part 2/Sec 75): 2018,Safety of Household and Similar Electrical Appliances - Particular Requirements - Commercial Dispensing Appliances and Vending Machines,"118. Electrical appliance fans (Quality Control) Order, 2023",MANDATORY_UNDER_QCO,Bureau of Indian Standards (BIS)
Scheme-I (ISI Mark),Steel & Metallurgy,IS 302 (Part 2/Sec 7): 2010,Safety of household and similar electrical appliances - particular requirements - domestic electric clothes washing machines,"Electrical Appliances for Commercial Dispensing and Vending (Quality Control) Order, 2025",MANDATORY_UNDER_QCO,Bureau of Indian Standards (BIS)
Scheme-I (ISI Mark),Steel & Metallurgy,IS 459:1992,Corrugated and Semi - Corrugated Asbestos Cement Sheets,"120. Electrical appliance for domestic clothes washing (Quality Control) Order, 2023",MANDATORY_UNDER_QCO,Bureau of Indian Standards (BIS)
Scheme-I (ISI Mark),Steel & Metallurgy,IS 6908:1991,Asbestos - Cement Pipes and Fittings for Sewerage and Drainage,"121. Asbestos or Fibre Cement based Products (Quality Control) Order, 2024",MANDATORY_UNDER_QCO,Bureau of Indian Standards (BIS)
Scheme-I (ISI Mark),Steel & Metallurgy,IS 2095 (Part 1):2011,Gypsum plaster boards - Specification: Part 1 plain gypsum plaster boards,"122. Water meters and accessories (Quality Control) Order, 2023",MANDATORY_UNDER_QCO,Bureau of Indian Standards (BIS)
Scheme-I (ISI Mark),Steel & Metallurgy,IS 2095 (Part 2): 2022,Gypsum Plaster Boards - Coated/ Laminated Gypsum Plaster Boards,"Gypsum based Building Materials (Quality Control) Amendment Order, 2024",MANDATORY_UNDER_QCO,Bureau of Indian Standards (BIS)
Scheme-I (ISI Mark),Steel & Metallurgy,IS 2095 (Part 3):2022,Gypsum Plaster Boards - Reinforced Gypsum Plaster Boards and Ceiling Tiles,"Gypsum based Building Materials (Quality Control) Amendment Order, 2024",MANDATORY_UNDER_QCO,Bureau of Indian Standards (BIS)
Scheme-I (ISI Mark),Steel & Metallurgy,IS 2494 (Part 1): 1994,V-Belts - Endless V-Belts for Industrial Purposes - General Purpose,"Electrical Appliances for domestic water heating (Quality Control) Order, 2025",MANDATORY_UNDER_QCO,Bureau of Indian Standards (BIS)
Scheme-I (ISI Mark),Steel & Metallurgy,IS 2494 (Part 2): 1993,V-Belts - Endless V-Belts for Industrial Purposes – fire resistant and antistatic V-Belts,"V-Belt (Quality Control) Amendment Order, 2024",MANDATORY_UNDER_QCO,Bureau of Indian Standards (BIS)
Scheme-I (ISI Mark),Steel & Metallurgy,IS 18471 (Part 1) : 2023/ ISO 15481:1999,Fasteners - Cross Recessed Drilling Screws with Tapping Screw Thread Part 1 Pan Head,"126. Telescopic Ball Bearing Drawer Slide (Quality Control) Order, 2024",MANDATORY_UNDER_QCO,Bureau of Indian Standards (BIS)
Scheme-I (ISI Mark),Steel & Metallurgy,IS 18471 (Part 2) :2023/ ISO 15482:1999,Fasteners - Cross Recessed Drilling Screws with Tapping Screw Thread Part 2 Countersunk Head,"Cross Recessed Screws (Quality Control) Order, 2025",MANDATORY_UNDER_QCO,Bureau of Indian Standards (BIS)
Scheme-I (ISI Mark),Steel & Metallurgy,IS 18471 (Part 3) :2023/ ISO 15483:1999,Fasteners - Cross Recessed Drilling Screws with Tapping Screw Thread Part 3 Raised Countersunk Head,"Cross Recessed Screws (Quality Control) Order, 2025",MANDATORY_UNDER_QCO,Bureau of Indian Standards (BIS)
Scheme-I (ISI Mark),Steel & Metallurgy,IS 18476 : 2023/ ISO 15480:2019,Fasteners - Hexagon Washer Head Drilling Screws with Tapping Screw Thread,"Cross Recessed Screws (Quality Control) Order, 2025",MANDATORY_UNDER_QCO,Bureau of Indian Standards (BIS)
Scheme-I (ISI Mark),Steel & Metallurgy,IS 7485 (Part 1) : 2018/ ISO 7046 -1 : 2011,Countersunk Flat Head Screws (Common head Style) With Type H or Type Z Cross Recess - Product Grade A Part 1 Steel Screws of Property Class 4.8,"Cross Recessed Screws (Quality Control) Order, 2025",MANDATORY_UNDER_QCO,Bureau of Indian Standards (BIS)
Scheme-I (ISI Mark),Steel & Metallurgy,IS 7486 : 2018/ ISO 7047 : 2011,Raised countersunk head screws (Common Head Style) with type H or type Z cross recess - Product grade A,"Cross Recessed Screws (Quality Control) Order, 2025",MANDATORY_UNDER_QCO,Bureau of Indian Standards (BIS)
Scheme-I (ISI Mark),Food & Agriculture,IS 1804:2004,Steel wire ropes – Fibre main cores - Specification,"131. Ropes and Cordages (Quality Control) Order, 2024",MANDATORY_UNDER_QCO,Bureau of Indian Standards (BIS)
Scheme-I (ISI Mark),Chemicals & Fertilizers,IS 302-2-76:1999,Safety of Household and similar electrical appliances - Part 2 particular requirement Sec 76 electric fence energizers,"Rescind Vinyl Sulphone (Quality Control) Order, 2024",MANDATORY_UNDER_QCO,Bureau of Indian Standards (BIS)
Scheme-I (ISI Mark),Chemicals & Fertilizers,IS 2083:2024,Flashlight - Specification,"133. Electric Fence Energizers (Quality Control) Order, 2024",MANDATORY_UNDER_QCO,Bureau of Indian Standards (BIS)
